[{"model": "diario.reference", "pk": 1, "fields": {"reference": "ADEB"}}, {"model": "diario.reference", "pk": 2, "fields": {"reference": "GIRA"}}, {"model": "diario.reference", "pk": 3, "fields": {"reference": "ELO SOCIAL"}}, {"model": "diario.reference", "pk": 4, "fields": {"reference": "ASMAL"}}, {"model": "diario.nome", "pk": 1, "fields": {"doenca": "Alzheimer"}}, {"model": "diario.nome", "pk": 2, "fields": {"doenca": "Amnesia"}}, {"model": "diario.nome", "pk": 3, "fields": {"doenca": "Bipolar"}}, {"model": "diario.grupocare", "pk": 28, "fields": {"nome": "Grupo A", "diagnostico": 1, "localizacao": "Lisboa", "escolaridade": "12+", "referenciacao": 1}}, {"model": "diario.grupocare", "pk": 29, "fields": {"nome": "Grupo B", "diagnostico": null, "localizacao": "", "escolaridade": "", "referenciacao": null}}, {"model": "diario.atividade", "pk": 1, "fields": {"numero": 1, "nome": "O meu barco", "descricao": "A atividade inicia com uma viagem de barco.\r\nO barco de papel deverá passar pelas mãos de todos com movimentos dos braços simulando a navegação. \r\nEnquanto o barco passa pelos cuidadores, o dinamizador deverá acompanhar os movimentos com frases do tipo: “todas as viagens têm altos e baixos, ... fases mais positivas e outras mais desafiantes”, “há sempre um ponto de partida, um contexto, que não pode ser esquecido, mas antes compreendido”, “ e depois há um porto de abrigo, onde o barco vai atracar, trazendo para terra imensas coisas boas de outros lugares”.\r\n\r\nDepois desta(s) primeira(s) volta(s), o dinamizador deverá pedir a cada elemento que partilhe com o grupo a sua identidade, para que todos se conheçam melhor. Então, de forma breve, e com o barco no seu “porto”, cada um deverá dizer o seu nome e falar um pouco do contexto do cuidado prestado (por exemplo, de quem cuida, há quanto tempo cuida, o nível de cuidados prestados). \r\nDar liberdade para que a pessoa possa partilhar outras informações, caso o entenda (ex. idade, onde vive, doença do recetor de cuidados). \r\nNota: controlar eficazmente o tempo de participação dos elementos."}}, {"model": "diario.atividade", "pk": 2, "fields": {"numero": 2, "nome": "Regras de funcionamento do grupo", "descricao": "Preparação: Escrever as frases-chave em papéis separados para entregar a cada par de participantes. \r\nDistribuir uma folha de papel e canetas a cada conjunto de participantes.\r\nDesenvolvimento da atividade: \r\nDivide-se o grupo em pares e distribuem-se as frases-regra. Após alguma reflexão e análise acerca da frase-chave, cada par deverá escolher algumas palavras da frase para escrever numa folha. \r\nPosteriormente, cada par apresenta ao grupo a sua folha, havendo espaço para alguns comentários dos colegas.\r\n No final, deve questionar-se o grupo se existe(m) mais alguma(s) regra(s) a considerar. As folhas deverão ser afixadas no espaço onde decorre a sessão e lidas/ relembradas sempre que necessário. \r\n\r\nDe forma a promover uma convivência saudável e respeito mútuo entre o grupo, são aqui descritas algumas das regras de funcionamento. São elas:\r\n\r\n* Participação regular.\r\n* Respeito pelo horário definido.\r\n* Confidencialidade e sigilo. O que se diz no âmbito do grupo, deve ficar no grupo. Deve promover-se um ambiente de confiança entre todos.\r\n* Ouvir o outro, para ser ouvido. E, por isso, respeitar quando o outro fala. Existirá sempre espaço para se fazer ouvir.\r\n* Respeitar a opinião do outro e, como tal, a diferença em relação ao outro. \r\n* Não fazer juízos de valor. Não existem doentes nem cuidadores perfeitos.\r\n* As interações devem ocorrer no grupo e não entre pares."}}, {"model": "diario.atividade", "pk": 3, "fields": {"numero": 3, "nome": "As comadres", "descricao": "Com esta atividade pretende-se promover uma relação empática entre os participantes, e relembrar a identidade dos elementos do grupo.\r\n\r\nÀ vez, cada elemento deverá apresentar o/a “compadre/ comadre” do lado, dizendo o seu nome e duas características individuais ou da sua história de vida."}}, {"model": "diario.atividade", "pk": 4, "fields": {"numero": 4, "nome": "Árbitro de emoções", "descricao": "Participam mais ativamente nesta atividade os CI de RC com demência ou perturbação bipolar. \r\nNesta atividade os participantes são convidados a partilhar as suas emoções com o grupo acerca da gestão dos cuidados prestados e da doença do RC (por exemplo, partilha das principais dificuldades e angústias sentidas, assim como dos momentos de satisfação). Aquando desta partilha, o participante deverá levantar o cartão da cor associada ao tipo de emoções experienciadas, assumindo um papel de árbitro de emoções.\r\nDepois de explicar o objetivo da atividade, o dinamizador deverá distribuir um cartão verde, um amarelo e um vermelho por cada participante, explicando em seguida o significado de cada um:\r\n- o cartão verde deverá ser levantado pelo participante na partilha de emoções positivas e felizes;\r\n- o cartão vermelho na partilha de emoções negativas e de angústia. E, por sua vez, \r\n- o cartão amarelo deverá ser levantado quando o CI tem dúvidas se o que está a partilhar é positivo (verde) ou negativo (vermelho).\r\nSempre que um CI utiliza um cartão amarelo, os restantes elementos deverão ser convidados a ajudá-lo a decidir sobre o cartão verde ou vermelho para aquele mesmo assunto. Num contexto de empatia, são discutidas as nuances daquela situação, procurando-se que resulte num cartão verde (num olhar/ emoção positivo)."}}, {"model": "diario.atividade", "pk": 5, "fields": {"numero": 5, "nome": "Participação semanal – conhecer a doença", "descricao": "A “participação semanal” é uma tarefa a realizar entre as sessões e que reforça, deste modo, a continuidade da intervenção inter-sessões.\r\nNeste primeiro desafio é pedido aos CI, cujas doenças mentais dos RC tenham sido discutidas em sessão, que partilhem com familiares, vizinhos e/ou amigos os conhecimentos adquiridos na sessão, esclarecendo questões associadas à doença (sinais e sintomas, comportamentos esperados, evolução, ...). Registar a concretização da atividade no Diário de Bordo."}}, {"model": "diario.atividade", "pk": 6, "fields": {"numero": 6, "nome": "Emoticons", "descricao": "Participam mais ativamente nesta atividade os CI de RC com esquizofrenia ou incapacidade intelectual.\r\nNesta atividade pretende-se que o CI partilhe com o grupo os principais sentimentos/ estado de espírito quanto à gestão da doença do familiar/amigo, podendo refletir sobre as dificuldades, angústias e felicidades.\r\nCada elemento recebe três emoticons sem expressão facial (no fundo, três círculos amarelos). \r\nNeles, o CI deverá desenhar a expressão facial que representa o seu estado de espírito acerca da gestão da doença do familiar/amigo (utilizará o número de emoticons que entender).\r\n É então pedido a cada participante que partilhe com o grupo o(s) seu(s) emoticons, procurando-se uma perspetiva positiva e de valorização do papel do cuidador e da importância do apoio dado ao RC."}}, {"model": "diario.atividade", "pk": 7, "fields": {"numero": 7, "nome": "Imagens sentidas", "descricao": "Com esta atividade pretende-se que os CI partilhem com o grupo as dificuldades, constrangimentos, sentimentos e emoções sentidas na prestação de cuidados de higiene e conforto, eliminação, alimentação e medicação.\r\nO grupo deve ser disposto à volta de uma mesa. \r\nNo centro dessa mesa encontram revistas, jornais, tesouras, cola, folhas brancas, canetas/ lápis de cor. É proposto ao cuidador que crie uma imagem elucidativa (ex. recortes, desenho) de alguma das principais dificuldades, constrangimentos, sentimentos e emoções sentidas no âmbito da prestação destes cuidados.\r\nPosteriormente, cada CI partilha com o grupo a sua “obra” explicando-a à luz do objetivo da atividade.\r\nSempre que possível, devem enaltecer-se emoções positivas no contexto do cuidado e do papel do participante enquanto CI.\r\nNo final, os CI são convidados a deixar a sua “obra” no espaço da parede reservado para o efeito."}}, {"model": "diario.atividade", "pk": 8, "fields": {"numero": 8, "nome": "Participação semanal – Agarro a oportunidade", "descricao": "Nesta sessão, a “participação semanal” desafia os CI a agarrarem a oportunidade de aplicar pelo menos uma das orientações/ boas práticas discutidas na sessão relativas à prestação de cuidados de higiene e conforto, eliminação, alimentação e medicação. O CI deverá registar no Diário de Bordo a sua experiência para discussão na próxima sessão."}}, {"model": "diario.atividade", "pk": 9, "fields": {"numero": 9, "nome": "Participação semanal – Em busca da boa postura", "descricao": "Com esta “participação semanal” pretende-se que o CI consolide os conhecimentos relativos às boas práticas nas transferências e posicionamentos do RC adquiridos na sessão. \r\n(Quando aplicável) O CI é convidado a experimentar outras opções de posicionamento e formas de apoiar a transferência, considerando as boas práticas visadas na sessão. \r\nÉ ainda solicitado ao CI que transmita este conhecimento e boas práticas aos seus familiares e amigos que o apoiam no cuidado.\r\nRegistar a concretização da atividade no Diário de Bordo, referindo também, caso tenha existido, alguma queixa de dor e os níveis de bem-estar sentidos ao longo dos dias."}}, {"model": "diario.atividade", "pk": 10, "fields": {"numero": 10, "nome": "A comunicação é um desafio", "descricao": "Para esta atividade, estarão disponíveis 4 casos que representam situações de dificuldade na comunicação ou na gestão de comportamentos desadequados no âmbito de quadros de demência, perturbação bipolar, esquizofrenia ou incapacidade intelectual.\r\n \r\nO dinamizador lê um dos casos e convida o grupo a discuti-lo, de modo a identificar as boas práticas utilizadas, os potenciais erros ou debilidades, e apontar outras opções que permitam lidar com a situação. O dinamizador deverá validar/ corrigir as participações dos CI, acrescentando informação sempre que necessário.\r\n Para tal, terá a orientação do panfleto, a entregar no final ao CI, intitulado “Boas práticas na comunicação e na gestão de comportamentos”.\r\n Deverá repetir-se para os restantes casos.\r\nApós a exploração de cada caso, os CI deverão sistematizar as boas práticas na comunicação e na gestão de comportamentos inapropriados em cartolinas/ folhas, num trabalho realizado em grupo (2 a 3 elementos cada). As cartolinas/ folhas deverão ficar afixadas no espaço existente para o efeito e lidas/ relembradas sempre que pertinente."}}, {"model": "diario.atividade", "pk": 11, "fields": {"numero": 11, "nome": "Momento de reflexão", "descricao": "Com esta atividade pretende-se que o CI tenha a oportunidade de refletir sobre os conteúdos anteriormente abordados, focando-se nas diferentes formas de lidar com os desafios, refletindo sobre a sua capacidade, potencialidade e competência, enaltecendo a valorização do seu papel. \r\nO dinamizador deverá criar um ambiente calmo, de meia-luz, com música calma. Após preparação do ambiente, deverá ajudar os CI a respirarem mais pausadamente, a fecharem os olhos, e deverá dizer-lhes (de forma calma e pausada): \r\n“Este momento foi criado para que possam refletir sobre os assuntos que estivemos hoje a explorar: as diferentes situações e formas de lidar com elas; assim como as experiências vividas no dia-a-dia com o RC. Não esqueçam ainda de recordar os momentos positivos e de satisfação.\r\nEste é um momento vosso.”\r\nNo final do tempo previsto para a atividade, o dinamizador deverá pedir aos CI que abram os olhos, retomar a luminosidade anterior e perguntar se se sentem bem. Só depois deverá desligar o som."}}, {"model": "diario.atividade", "pk": 12, "fields": {"numero": 12, "nome": "Participação semanal – As dificuldades do dia-a-dia", "descricao": "Até à próxima sessão, são colocados 2 desafios ao CI:\r\n1. que tente implementar algumas das boas práticas exploradas nesta sessão;\r\n2. que traga uma situação vivenciada (pessoalmente ou não) que represente um contexto de difícil gestão, nomeadamente ao nível da comunicação ou comportamento inapropriado, para que se discuta na próxima sessão.\r\nO CI deverá registar no Diário de Bordo a sua experiência para discussão na próxima sessão."}}, {"model": "diario.atividade", "pk": 13, "fields": {"numero": 13, "nome": "A comunicação é um desafio no meu dia-a-dia", "descricao": "Com esta atividade, pretende-se explorar situações de dificuldade na comunicação ou na gestão de comportamentos indesejados/ desajustados no âmbito do dia-a-dia dos CI participantes. \r\nPara tal, deverão considerar-se os casos/ situações que cada CI trouxe para serem discutidos no grupo (segunda parte  da Atividade 12).\r\nDeverá ser utilizada a mesma metodologia da sessão anterior (Atividade 10), sendo que neste caso quem expõe a situação é um dos CI. \r\nO grupo é convidado a discutir, de modo a identificar as boas práticas na comunicação utilizadas, os potenciais erros ou debilidades e apontar outras opções que permitam lidar com a situação. O dinamizador deverá validar/ corrigir as participações dos CI, acrescentando informação sempre que necessário. Para tal, terá também a orientação do panfleto “Boas práticas na comunicação e na gestão de comportamentos”. \r\nDeverá repetir-se para os restantes casos.\r\nApós a exploração de cada caso, os CI deverão sistematizar as boas práticas na comunicação e na gestão de comportamentos inapropriados, acrescentando informação nas cartolinas/ folhas já utilizadas na sessão anterior, num trabalho realizado em grupo (mantendo os mesmos grupos da Atividade 10). \r\nAs cartolinas/ folhas deverão ficar afixadas no espaço onde decorre a sessão e lidas/ relembradas sempre que necessário."}}, {"model": "diario.atividade", "pk": 14, "fields": {"numero": 14, "nome": "Pintar as emoções", "descricao": "Nesta atividade pretende-se que os CI relaxem através da pintura e reflitam sobre as suas emoções, inerentes às dificuldades na comunicação e na gestão de comportamentos desafiantes.\r\nO dinamizador deverá criar um ambiente calmo e com música a gosto do grupo. O grupo deverá estar disposto à volta de uma mesa, onde encontrarão o material necessário no centro desta.\r\nO CI é convidado a pintar as suas emoções, relativamente ao assunto explorado. Depois de todos terminarem, é pedido ao CI que partilhe com o grupo a sua “obra”, fazendo referência às suas emoções. \r\nNo final, os CI são convidados a deixar a sua “obra” no espaço da parede reservado para o efeito.\r\nCaso haja algum CI que mostre constrangimentos em pintar, poderá, por exemplo, fazer recortes ou desenho, utilizando revistas e jornais."}}, {"model": "diario.atividade", "pk": 15, "fields": {"numero": 15, "nome": "Participação semanal – Ajudar a família a comunicar melhor", "descricao": "Neste desafio é pedido aos CI que partilhem com familiares, vizinhos e/ou amigos os conhecimentos adquiridos na sessão, nomeadamente as boas práticas na comunicação e na gestão dos comportamentos desafiantes. O CI deverá registar a concretização da atividade no Diário de Bordo."}}, {"model": "diario.atividade", "pk": 16, "fields": {"numero": 15, "nome": "Participação semanal – Ajudar a família a comunicar melhor", "descricao": "Neste desafio é pedido aos CI que partilhem com familiares, vizinhos e/ou amigos os conhecimentos adquiridos na sessão, nomeadamente as boas práticas na comunicação e na gestão dos comportamentos desafiantes. O CI deverá registar a concretização da atividade no Diário de Bordo."}}, {"model": "diario.atividade", "pk": 17, "fields": {"numero": 15, "nome": "Participação semanal – Ajudar a família a comunicar melhor", "descricao": "Neste desafio é pedido aos CI que partilhem com familiares, vizinhos e/ou amigos os conhecimentos adquiridos na sessão, nomeadamente as boas práticas na comunicação e na gestão dos comportamentos desafiantes. O CI deverá registar a concretização da atividade no Diário de Bordo."}}, {"model": "diario.atividade", "pk": 18, "fields": {"numero": 16, "nome": "Mapa de atividades do RC", "descricao": "Com o apoio da ficha “Como se ocupa”, o CI deverá identificar as atividades que o RC mais gosta de realizar, como gosta(va) de ocupar o seu tempo. Quando todo o grupo tiver preenchido esta primeira parte, explica-se o exercício seguinte (verso da página). O CI deverá preencher o mapa semanal com as atividades que o RC realiza ao longo de uma semana normal/ típica. Em seguida, deve contabilizar as horas registadas no mapa das atividades prazerosas, refletindo sobre o “quanto” o RC realiza atividades que lhe dão prazer e satisfação ao longo da semana."}}, {"model": "diario.atividade", "pk": 19, "fields": {"numero": 17, "nome": "Participação semanal – Um “bom” dia", "descricao": "Para esta semana, é colocado o desafio ao CI de ajudar o RC a alterar a organização e tipo de  atividades realizadas ao longo da semana. Isto é, pretende-se que o CI ajude o RC a ocupar o seu tempo com (mais) atividades de lazer, entretenimento e de estimulação que lhe sejam prazerosas. O CI deverá registar a concretização da atividade no Diário de Bordo."}}, {"model": "diario.atividade", "pk": 20, "fields": {"numero": 18, "nome": "Sou um ser emocional...", "descricao": "O dinamizador deverá começar a atividade com a leitura de um testemunho de um cuidador, onde se relate o turbilhão de emoções associados ao cuidado, assim como a importância da gestão emocional.\r\nO grupo é convidado a refletir em silêncio sobre o testemunho que ouviram durante 1 ou 2 minutos. Posteriormente, o dinamizador deverá promover a discussão dos elementos acerca do caso: “O que acharam deste caso?”, “Identificam-se com ele?”, “Que tipo de emoções estão aqui presentes?”, “Já as experienciaram?”, “Como lidaram com elas?”, “Que estratégias (de gestão de stresse e gestão emocional) utilizaram?”\r\nO dinamizador deverá abordar o conceito de stresse no contexto dos cuidados informais. Explorar os antecedentes, os comportamentos e pensamentos, assim como as consequências das mesmas (ciclo A – K – C). Deverá ainda referir a componente positiva do stresse na vida das pessoas."}}, {"model": "diario.atividade", "pk": 21, "fields": {"numero": 19, "nome": "... Mas que tem soluções!", "descricao": "No seguimento da atividade anterior, os elementos do grupo dividem-se em grupos de 2 a 3 elementos. Neste contexto mais íntimo de discussão, o grupo é convidado a identificar estratégias de gestão de stresse e de coping que utilizam ou reconhecem que poderiam/deveriam utilizar, com o intuito de melhor gerir o stresse, as suas emoções e cuidar de si próprio (potenciando, sempre que possível, as experiências e o know-how dos próprios CI).\r\n O grupo deve sistematizar estas estratégias em cartolinas/ folhas (em texto, desenho ou outro). Por fim, cada grupo deverá apresentar aos colegas a sua “obra”, promovendo a discussão e partilha entre todos.\r\nAs cartolinas/ folhas deverão ser afixadas no espaço onde decorre a sessão e lidas/ relembradas sempre que pertinente."}}, {"model": "diario.atividade", "pk": 22, "fields": {"numero": 20, "nome": "Participação semanal – Compreender o stresse e as emoções", "descricao": "Para esta semana, o desafio do CI é o de identificar, no seu dia-a-dia, as emoções inerentes ao cuidado prestado. Sempre que estas sejam negativas/“más”, utilizar as estratégias referidas na sessão.\r\nRegistar a concretização da atividade no Diário de Bordo, preferencialmente, utilizando um registo pictórico do nível de stresse antes e depois do uso da estratégia."}}, {"model": "diario.atividade", "pk": 23, "fields": {"numero": 21, "nome": "“Importantómetro”", "descricao": "Inicialmente, é pedido aos elementos do grupo que reflitam por 3 ou 4 minutos sobre os aspetos positivos associados à tarefa de cuidar (i.e. O que há de mais positivo no cuidar do outro? \r\nQue tipo de satisfação está inerente ao cuidar do outro? O que justifica a continuidade do cuidado ao longo do tempo?).\r\nApós esta reflexão, é entregue a cada participante a ficha intitulada “Importantómetro”, que dará apoio à concretização da restante atividade.\r\nÀ vez, é pedido ao CI que partilhe qual o aspeto mais positivo que encontrou no cuidar do seu familiar/amigo. \r\nTodos os elementos deverão escrever essa ideia na ficha (a ficha apresenta tantas opções, quanto o número de elementos do grupo). \r\nA certo ponto, os aspetos mais positivos dos elementos já foram referidos, pelo que o CI deverá identificar um novo aspeto positivo, e acrescentam na ficha de igual modo. \r\nNo final, é pedido que reflitam sobre os vários aspetos positivos associados ao cuidado e que os classifiquem numa escala de importância (0 – nada importante a 10 – extremamente importante)."}}, {"model": "diario.atividade", "pk": 24, "fields": {"numero": 22, "nome": "Estar bem para cuidar bem", "descricao": "Os elementos do grupo devem organizar-se em pares. \r\nÀ vez, cada um irá realizar uma massagem ao colega, de cerca de 8 minutos. \r\nEsta massagem pode ser realizada às mãos, utilizando um creme hidratante com cheiro agradável, ou utilizando um outro objeto que tenha esta função, por exemplo para massajar as costas/ braços ou a cabeça. \r\nComo tal, o dinamizador deverá criar um ambiente calmo, com música relaxante e, durante a massagem, convidar os elementos a fechar os olhos para potenciar a perceção táctil. \r\nA meio da atividade o dinamizador deverá perguntar se estão a gostar, pedindo que se foquem na sensação positiva vivenciada no momento; que tenham perceção das emoções presentes. Repete-se para os outros elementos.\r\nNo seguimento da atividade, deverá ser pedido ao grupo que verbalize as emoções identificadas no momento da massagem, promovendo-se deste modo, a consciencialização de emoções de satisfação e bem-estar. Neste contexto, deverá refletir-se sobre a importância do bem-estar na vida pessoal (na sua felicidade), assim como na qualidade dos cuidados prestados, uma vez que “se eu não estiver bem, não posso cuidar bem”."}}, {"model": "diario.atividade", "pk": 25, "fields": {"numero": 23, "nome": "Participação semanal – Pensar positivo", "descricao": "São colocados dois desafios ao CI para esta semana:\r\n1.\tdeverá relembrar-se dos aspetos positivos associados ao cuidado;\r\n2.\tsempre que surjam situações menos boas, deverá fazer o exercício de procurar o lado positivo da situação.\r\nO CI deverá registar a experiência desta atividade no Diário de Bordo, descrevendo as situações e estratégias utilizadas."}}, {"model": "diario.atividade", "pk": 26, "fields": {"numero": 24, "nome": "O frasco (meio) cheio", "descricao": "Materiais: recipiente transparente (3 a 4 L); 1 Kg de arroz; café em pó (2 chávenas); Para cada CI participante: 1 bola de pingue-pongue, 2 botões coloridos (aprox. 2 cm diâmetro) e 4 grãos secos.\r\nCom esta atividade, pretende-se abordar a técnica de gestão do uso do tempo, de modo a incentivar o CI a realizar as atividades de lazer que lhe são mais prazerosas. \r\nDeve ser reforçada a ideia de que, para ganhar tempo, o cuidador necessita de gerir eficazmente as tarefas do dia-a-dia, fazendo esta gestão com base no grau de importância/ urgência de cada atividade, estabelecendo para isso, prioridades. \r\nO dinamizador terá consigo um recipiente transparente onde os CI irão colocar diversos objetos/ materiais. A cada CI é entregue 1 bola de pingue-pongue, 2 botões coloridos (aprox. 2 cm diâmetro) e 4 grãos secos. \r\nA cada tipo de objetos é atribuído um nível de satisfação para com as atividades de lazer (a bola representa a atividade de lazer preferida do CI, seguindo-se as 2 atividades representadas pelos botões e as últimas 4, que se materializam nos grãos secos). \r\n\r\nA atividade inicia com o pedido ao CI para que pense na atividade de lazer (física, de relação social, cultural, espiritual, ...) de que mais gosta. Em seguida, o CI coloca a bola dentro do recipiente, verbalizando e partilhando a atividade com os colegas. \r\nQuando todos tenham participado, passa-se para o nível seguinte.\r\nÉ agora pedido ao CI que identifique 2 atividades que também gosta bastante de realizar, mas menos do que a anterior. À vez, o CI deverá colocar os botões no recipiente, após partilhar com o grupo as atividades de que gosta. \r\nPor último, repete-se a atividade, agora para os 4 grãos secos, que representam outras atividades de lazer de que gosta, mas não tanto quanto as anteriores.\r\nPergunta-se ao grupo se estão satisfeitos com as atividades que identificaram e se o frasco estará suficientemente cheio. \r\nPartindo do pressuposto de que a resposta será negativa, o dinamizador deverá encher o recipiente com arroz, de modo a preencher os espaços vazios. \r\nÉ questionado ao grupo que tipo de atividades poderão ser estas, sendo que o dinamizador deverá orientar as respostas para: “aquelas atividades do dia-a-dia que têm necessariamente que existir, tais como preparar as refeições, tratar da nossa higiene, dormir... que também são atividades importantes para o bem-estar da pessoa”.\r\nPor último, quando o recipiente parece estar cheio, pergunta-se novamente ao grupo se “não cabem mais atividades neste recipiente”. \r\nO dinamizador deve então juntar duas chávenas de café ao recipiente (o que, metaforicamente, demonstra que a vida pode estar muito ocupada, mas que há sempre espaço para um café com um amigo!)."}}, {"model": "diario.atividade", "pk": 27, "fields": {"numero": 25, "nome": "Mapa de atividades do CI", "descricao": "Com o apoio da ficha “Como me ocupo”, o CI deverá preencher o mapa semanal com as atividades que realiza ao longo de uma semana normal. \r\nEm seguida, deve contabilizar as horas registadas no mapa das atividades prazerosas, refletindo sobre o “quanto” investe na sua satisfação e bem-estar."}}, {"model": "diario.atividade", "pk": 28, "fields": {"numero": 26, "nome": "Participação semanal – Fazer mais e melhor", "descricao": "Neste último desafio, o CI deverá tentar melhorar a gestão do seu tempo, de modo a incluir a realização de atividades que lhe sejam satisfatórias e promovam o seu bem-estar. O CI deverá registar a concretização da atividade no Diário de Bordo."}}, {"model": "diario.atividade", "pk": 29, "fields": {"numero": 27, "nome": "A teia da amizade", "descricao": "Esta atividade procura criar o contexto para a partilha de emoções, sentimentos e ideias dos vários elementos do grupo quanto à participação no programa.\r\nOs elementos do grupo devem ser dispostos em círculo, sendo que o dinamizador tem consigo os 4 novelos de lã. Antes de passar o primeiro novelo a outro elemento, mantendo consigo uma ponta deste, deverá responder ao “Gostei de estar aqui convosco porque...”. O novelo vai passando de elemento para elemento, em que cada um segura uma ponta do novelo, até que todos tenham respondido a esta questão. Segue-se então um segundo novelo, de cor diferente, em associação à questão: “Do mais importante que levo comigo, é...”. Este procedimento repete-se para as questões seguintes, cada uma com um novelo de cor diferente: “Não estava à espera de...”e “No final deste percurso sinto-me....”. \r\nNo final, forma-se uma teia colorida que une todos os participantes, sobressaindo a ideia da rede social, dos laços e entreajuda estabelecidos entre o grupo."}}, {"model": "diario.sessao", "pk": 1, "fields": {"nome": "Acolhimento", "numeroSessao": 1, "tema": "* Apresentação e acolhimento dos CI \r\n* Apresentação do programa  PPCI – MentHA", "dinamizadores": "2 Dinamizadores", "componentes": "Emocional", "instrumentoAvaliacao": ""}}, {"model": "diario.sessao", "pk": 2, "fields": {"nome": "Compreender a doença I", "numeroSessao": 2, "tema": "* Informação sobre as doenças (demência e perturbação bipolar)\r\n* Dificuldades sentidas face aos desafios das doenças", "dinamizadores": "1 Dinamizador; 1 Psicólogo", "componentes": "Educativa e Emocional", "instrumentoAvaliacao": ""}}, {"model": "diario.sessao", "pk": 3, "fields": {"nome": "Compreender a doença II", "numeroSessao": 3, "tema": "Informação sobre as doenças (esquizofrenia, incapacidade intelectual) ou continuação da sessão anterior (2)\r\nDificuldades sentidas face aos desafios das doenças", "dinamizadores": "1 Dinamizadores; 1 Psicólogo", "componentes": "Educativa e Emocional", "instrumentoAvaliacao": ""}}, {"model": "diario.sessao", "pk": 4, "fields": {"nome": "Medidas de apoio", "numeroSessao": 4, "tema": "Medidas de apoio social e jurídico\r\nRecursos da comunidade", "dinamizadores": "1 Dinamizador; 1 Assistente Social; 1 Jurista", "componentes": "Educativa", "instrumentoAvaliacao": ""}}, {"model": "diario.sessao", "pk": 5, "fields": {"nome": "Cuidados à pessoa I", "numeroSessao": 5, "tema": "Cuidados à pessoa I: higiene e conforto, eliminação, alimentação e medicação\r\nDificuldades sentidas face aos cuidados prestados", "dinamizadores": "1 Dinamizador; 1 Enfermeiro", "componentes": "Educativa e Emocional", "instrumentoAvaliacao": ""}}, {"model": "diario.sessao", "pk": 6, "fields": {"nome": "Cuidados à pessoa II", "numeroSessao": 6, "tema": "Cuidados à pessoa II: transferências e posicionamentos\r\nExercícios de postura e alívio da sobrecarga mecânica", "dinamizadores": "1 Dinamizador; 1 Terapeuta Ocupacional ou Fisioterapeuta ou Enfermeiro", "componentes": "Educativa", "instrumentoAvaliacao": ""}}, {"model": "diario.sessao", "pk": 7, "fields": {"nome": "Comunicação I", "numeroSessao": 7, "tema": "Estratégias de comunicação e de resposta a comportamentos desafiantes\r\nDificuldades sentidas face aos cuidados prestados", "dinamizadores": "1 Dinamizador; 1 Psicólogo", "componentes": "Educativa e Emocional", "instrumentoAvaliacao": ""}}, {"model": "diario.sessao", "pk": 8, "fields": {"nome": "Comunicação II", "numeroSessao": 8, "tema": "Estratégias de comunicação e de resposta a comportamentos desafiantes\r\nDificuldades sentidas face aos cuidados prestados", "dinamizadores": "1 Dinamizador; 1 Psicólogo", "componentes": "Educativa e Emocional", "instrumentoAvaliacao": ""}}, {"model": "diario.sessao", "pk": 9, "fields": {"nome": "Ocupação", "numeroSessao": 9, "tema": "Estratégias de ocupação do RC: formas de entretenimento e estimulação\r\nReflexões sobre a importância da ocupação", "dinamizadores": "2 Dinamizadores", "componentes": "Educativa e Emocional", "instrumentoAvaliacao": ""}}, {"model": "diario.sessao", "pk": 10, "fields": {"nome": "Emoções no Cuidar", "numeroSessao": 10, "tema": "* Stresse e emoções no cuidar\r\n* Estratégias de coping", "dinamizadores": "1 Dinamizador; 1 psicólogo", "componentes": "Educativa e Emocional", "instrumentoAvaliacao": ""}}, {"model": "diario.sessao", "pk": 11, "fields": {"nome": "Cuidar do Cuidador I", "numeroSessao": 11, "tema": "Estratégias de autocuidado, valorização pessoal\r\nExercícios de relaxamento\r\nReflexões sobre a importância do bem-estar", "dinamizadores": "2 Dinamizadores", "componentes": "Educativa e Emocional", "instrumentoAvaliacao": ""}}, {"model": "diario.sessao", "pk": 12, "fields": {"nome": "Cuidar do Cuidador II", "numeroSessao": 12, "tema": "Atividades de lazer\r\nReflexões sobre a importância do bem-estar", "dinamizadores": "2 Dinamizadores", "componentes": "Educativa e Emocional", "instrumentoAvaliacao": ""}}, {"model": "diario.sessao", "pk": 13, "fields": {"nome": "Encerramento", "numeroSessao": 13, "tema": "Reflexões acerca do programa\r\nConvívio", "dinamizadores": "2 Dinamizadores", "componentes": "Emocional", "instrumentoAvaliacao": ""}}, {"model": "diario.sessaodogrupo", "pk": 169, "fields": {"grupo": 28, "regime": "P", "estado": "R", "data": "2022-11-05T06:16:49Z", "inicio": "2022-11-11T11:07:07.667Z", "fim": "2022-11-15T10:26:51.009Z", "concluido": true, "sessao": 1}}, {"model": "diario.sessaodogrupo", "pk": 170, "fields": {"grupo": 28, "regime": "P", "estado": "PR", "data": "2022-11-11T11:09:00Z", "inicio": "2022-11-15T11:08:12.095Z", "fim": null, "concluido": false, "sessao": 2}}, {"model": "diario.sessaodogrupo", "pk": 171, "fields": {"grupo": 28, "regime": "P", "estado": "PR", "data": null, "inicio": null, "fim": null, "concluido": false, "sessao": 3}}, {"model": "diario.sessaodogrupo", "pk": 172, "fields": {"grupo": 28, "regime": "P", "estado": "PR", "data": null, "inicio": null, "fim": null, "concluido": false, "sessao": 4}}, {"model": "diario.sessaodogrupo", "pk": 173, "fields": {"grupo": 28, "regime": "P", "estado": "PR", "data": null, "inicio": null, "fim": null, "concluido": false, "sessao": 5}}, {"model": "diario.sessaodogrupo", "pk": 174, "fields": {"grupo": 28, "regime": "P", "estado": "PR", "data": null, "inicio": null, "fim": null, "concluido": false, "sessao": 6}}, {"model": "diario.sessaodogrupo", "pk": 175, "fields": {"grupo": 28, "regime": "P", "estado": "PR", "data": null, "inicio": null, "fim": null, "concluido": false, "sessao": 7}}, {"model": "diario.sessaodogrupo", "pk": 176, "fields": {"grupo": 28, "regime": "P", "estado": "PR", "data": null, "inicio": null, "fim": null, "concluido": false, "sessao": 8}}, {"model": "diario.sessaodogrupo", "pk": 177, "fields": {"grupo": 28, "regime": "P", "estado": "PR", "data": null, "inicio": null, "fim": null, "concluido": false, "sessao": 9}}, {"model": "diario.sessaodogrupo", "pk": 178, "fields": {"grupo": 28, "regime": "P", "estado": "PR", "data": null, "inicio": null, "fim": null, "concluido": false, "sessao": 10}}, {"model": "diario.sessaodogrupo", "pk": 179, "fields": {"grupo": 28, "regime": "P", "estado": "PR", "data": null, "inicio": null, "fim": null, "concluido": false, "sessao": 11}}, {"model": "diario.sessaodogrupo", "pk": 180, "fields": {"grupo": 28, "regime": "P", "estado": "PR", "data": null, "inicio": null, "fim": null, "concluido": false, "sessao": 12}}, {"model": "diario.sessaodogrupo", "pk": 181, "fields": {"grupo": 28, "regime": "P", "estado": "PR", "data": null, "inicio": null, "fim": null, "concluido": false, "sessao": 13}}, {"model": "diario.sessaodogrupo", "pk": 182, "fields": {"grupo": 29, "regime": "P", "estado": "PR", "data": null, "inicio": null, "fim": null, "concluido": false, "sessao": 1}}, {"model": "diario.sessaodogrupo", "pk": 183, "fields": {"grupo": 29, "regime": "P", "estado": "PR", "data": null, "inicio": null, "fim": null, "concluido": false, "sessao": 2}}, {"model": "diario.sessaodogrupo", "pk": 184, "fields": {"grupo": 29, "regime": "P", "estado": "PR", "data": null, "inicio": null, "fim": null, "concluido": false, "sessao": 3}}, {"model": "diario.sessaodogrupo", "pk": 185, "fields": {"grupo": 29, "regime": "P", "estado": "PR", "data": null, "inicio": null, "fim": null, "concluido": false, "sessao": 4}}, {"model": "diario.sessaodogrupo", "pk": 186, "fields": {"grupo": 29, "regime": "P", "estado": "PR", "data": null, "inicio": null, "fim": null, "concluido": false, "sessao": 5}}, {"model": "diario.sessaodogrupo", "pk": 187, "fields": {"grupo": 29, "regime": "P", "estado": "PR", "data": null, "inicio": null, "fim": null, "concluido": false, "sessao": 6}}, {"model": "diario.sessaodogrupo", "pk": 188, "fields": {"grupo": 29, "regime": "P", "estado": "PR", "data": null, "inicio": null, "fim": null, "concluido": false, "sessao": 7}}, {"model": "diario.sessaodogrupo", "pk": 189, "fields": {"grupo": 29, "regime": "P", "estado": "PR", "data": null, "inicio": null, "fim": null, "concluido": false, "sessao": 8}}, {"model": "diario.sessaodogrupo", "pk": 190, "fields": {"grupo": 29, "regime": "P", "estado": "PR", "data": null, "inicio": null, "fim": null, "concluido": false, "sessao": 9}}, {"model": "diario.sessaodogrupo", "pk": 191, "fields": {"grupo": 29, "regime": "P", "estado": "PR", "data": null, "inicio": null, "fim": null, "concluido": false, "sessao": 10}}, {"model": "diario.sessaodogrupo", "pk": 192, "fields": {"grupo": 29, "regime": "P", "estado": "PR", "data": null, "inicio": null, "fim": null, "concluido": false, "sessao": 11}}, {"model": "diario.sessaodogrupo", "pk": 193, "fields": {"grupo": 29, "regime": "P", "estado": "PR", "data": null, "inicio": null, "fim": null, "concluido": false, "sessao": 12}}, {"model": "diario.sessaodogrupo", "pk": 194, "fields": {"grupo": 29, "regime": "P", "estado": "PR", "data": null, "inicio": null, "fim": null, "concluido": false, "sessao": 13}}, {"model": "diario.opcao", "pk": 1, "fields": {"resposta": "Nenhum", "cotacao": 0}}, {"model": "diario.opcao", "pk": 2, "fields": {"resposta": "Muito Pouco", "cotacao": 1}}, {"model": "diario.opcao", "pk": 3, "fields": {"resposta": "Algum", "cotacao": 2}}, {"model": "diario.opcao", "pk": 4, "fields": {"resposta": "Bastante", "cotacao": 3}}, {"model": "diario.opcao", "pk": 5, "fields": {"resposta": "Total", "cotacao": 4}}, {"model": "diario.opcao", "pk": 6, "fields": {"resposta": "Nada Satisfeito", "cotacao": 1}}, {"model": "diario.opcao", "pk": 7, "fields": {"resposta": "Pouco satisfeito", "cotacao": 2}}, {"model": "diario.opcao", "pk": 8, "fields": {"resposta": "Razoavelmente satisfeito", "cotacao": 3}}, {"model": "diario.opcao", "pk": 9, "fields": {"resposta": "Satisfeito", "cotacao": 4}}, {"model": "diario.opcao", "pk": 10, "fields": {"resposta": "Muito satisfeito", "cotacao": 5}}, {"model": "diario.opcao", "pk": 11, "fields": {"resposta": "Discordo Totalmente", "cotacao": 1}}, {"model": "diario.opcao", "pk": 12, "fields": {"resposta": "Discordo", "cotacao": 2}}, {"model": "diario.opcao", "pk": 13, "fields": {"resposta": "Concordo", "cotacao": 3}}, {"model": "diario.opcao", "pk": 14, "fields": {"resposta": "Concordo Totalmente", "cotacao": 4}}, {"model": "diario.opcao", "pk": 15, "fields": {"resposta": "Muito Insatisfeito", "cotacao": 1}}, {"model": "diario.opcao", "pk": 16, "fields": {"resposta": "Insatisfeito", "cotacao": 2}}, {"model": "diario.opcao", "pk": 17, "fields": {"resposta": "Satisfeito", "cotacao": 3}}, {"model": "diario.opcao", "pk": 18, "fields": {"resposta": "Muito Satisfeito", "cotacao": 4}}, {"model": "diario.opcao", "pk": 19, "fields": {"resposta": "Muitíssimo Satisfeito", "cotacao": 5}}, {"model": "diario.pergunta", "pk": 1, "fields": {"fase": "I", "sessao_numero": 0, "ordem": 1, "texto": "Considero que o meu conhecimento acerca da demência, perturbação bipolar, esquizofrenia ou incapacidade intelectual", "opcoes": [1, 2, 3, 4, 5]}}, {"model": "diario.pergunta", "pk": 2, "fields": {"fase": "F", "sessao_numero": 0, "ordem": 2, "texto": "Se pudesse rever a minha resposta anterior, diria que o meu conhecimento acerca deste assunto era:", "opcoes": [1, 2, 3, 4, 5]}}, {"model": "diario.pergunta", "pk": 3, "fields": {"fase": "F", "sessao_numero": 0, "ordem": 3, "texto": "Com o desenvolvimento da sessão, considero que neste momento o meu conhecimento sobre este assunto é:", "opcoes": [1, 2, 3, 4, 5]}}, {"model": "diario.pergunta", "pk": 42, "fields": {"fase": "I", "sessao_numero": 0, "ordem": 1, "texto": "Considero que o meu conhecimento acerca dos recursos de apoio sociais, legais e da comunidade é:", "opcoes": [1, 2, 3, 4, 5]}}, {"model": "diario.pergunta", "pk": 43, "fields": {"fase": "I", "sessao_numero": 0, "ordem": 1, "texto": "Considero que o meu conhecimento acerca dos cuidados de higiene e conforto, eliminação, alimentação e medicação é:", "opcoes": [1, 2, 3, 4, 5]}}, {"model": "diario.pergunta", "pk": 44, "fields": {"fase": "I", "sessao_numero": 0, "ordem": 1, "texto": "Considero que o meu conhecimento acerca das transferências e posicionamentos é:", "opcoes": [1, 2, 3, 4, 5]}}, {"model": "diario.pergunta", "pk": 45, "fields": {"fase": "I", "sessao_numero": 0, "ordem": 1, "texto": "Considero que o meu conhecimento acerca das estratégias de comunicação e gestão de comportamentos desafiantes é:", "opcoes": [1, 2, 3, 4, 5]}}, {"model": "diario.pergunta", "pk": 46, "fields": {"fase": "I", "sessao_numero": 8, "ordem": 0, "texto": "Se pudesse rever a minha resposta anterior, diria que o meu conhecimento acerca deste assunto era:", "opcoes": [1, 2, 3, 4, 5]}}, {"model": "diario.pergunta", "pk": 47, "fields": {"fase": "I", "sessao_numero": 8, "ordem": 0, "texto": "Com o desenvolvimento das sessões, considero que neste momento o meu conhecimento sobre este assunto é:", "opcoes": [1, 2, 3, 4, 5]}}, {"model": "diario.pergunta", "pk": 48, "fields": {"fase": "I", "sessao_numero": 0, "ordem": 1, "texto": "Considero que o meu conhecimento acerca das formas de entretenimento e estimulação do RC é:", "opcoes": [1, 2, 3, 4, 5]}}, {"model": "diario.pergunta", "pk": 49, "fields": {"fase": "I", "sessao_numero": 0, "ordem": 1, "texto": "Considero que o meu conhecimento acerca das estratégias de gestão emocional e de coping é:", "opcoes": [1, 2, 3, 4, 5]}}, {"model": "diario.pergunta", "pk": 50, "fields": {"fase": "I", "sessao_numero": 0, "ordem": 1, "texto": "Considero que o meu conhecimento acerca de estratégias de autocuidado é:", "opcoes": [1, 2, 3, 4, 5]}}, {"model": "diario.pergunta", "pk": 51, "fields": {"fase": "F", "sessao_numero": 12, "ordem": 2, "texto": "Se pudesse rever a minha resposta anterior, diria que o meu conhecimento acerca deste assunto era:", "opcoes": [1, 2, 3, 4, 5]}}, {"model": "diario.pergunta", "pk": 52, "fields": {"fase": "F", "sessao_numero": 12, "ordem": 3, "texto": "Com o desenvolvimento da sessão, considero que neste momento o meu conhecimento sobre este assunto é:", "opcoes": [1, 2, 3, 4, 5]}}, {"model": "diario.pergunta", "pk": 53, "fields": {"fase": null, "sessao_numero": 0, "ordem": 1, "texto": "Apoio prestado e disponibilidade da pessoa de contacto do projeto", "opcoes": [6, 7, 8, 9, 10]}}, {"model": "diario.pergunta", "pk": 54, "fields": {"fase": null, "sessao_numero": 0, "ordem": 2, "texto": "Número de horas da ação face aos seus objetivos", "opcoes": [6, 7, 8, 9, 10]}}, {"model": "diario.pergunta", "pk": 55, "fields": {"fase": null, "sessao_numero": 0, "ordem": 3, "texto": "Condições do espaço", "opcoes": [6, 7, 8, 9, 10]}}, {"model": "diario.pergunta", "pk": 56, "fields": {"fase": null, "sessao_numero": 0, "ordem": 4, "texto": "Luminosidade", "opcoes": [6, 7, 8, 9, 10]}}, {"model": "diario.pergunta", "pk": 57, "fields": {"fase": null, "sessao_numero": 0, "ordem": 5, "texto": "Temperatura", "opcoes": [6, 7, 8, 9, 10]}}, {"model": "diario.pergunta", "pk": 58, "fields": {"fase": null, "sessao_numero": 0, "ordem": 6, "texto": "Acessibilidade", "opcoes": [6, 7, 8, 9, 10]}}, {"model": "diario.pergunta", "pk": 59, "fields": {"fase": null, "sessao_numero": 0, "ordem": 1, "texto": "Concretização das suas expectativas face ao programa", "opcoes": [6, 7, 8, 9, 10]}}, {"model": "diario.pergunta", "pk": 60, "fields": {"fase": null, "sessao_numero": 0, "ordem": 1, "texto": "Documentação distribuída", "opcoes": [6, 7, 8, 9, 10]}}, {"model": "diario.pergunta", "pk": 61, "fields": {"fase": null, "sessao_numero": 0, "ordem": 1, "texto": "Dinamizador", "opcoes": [6, 7, 8, 9, 10]}}, {"model": "diario.pergunta", "pk": 62, "fields": {"fase": null, "sessao_numero": 0, "ordem": 2, "texto": "Dinamizador", "opcoes": [6, 7, 8, 9, 10]}}, {"model": "diario.pergunta", "pk": 63, "fields": {"fase": null, "sessao_numero": 0, "ordem": 3, "texto": "Psicólogo", "opcoes": [6, 7, 8, 9, 10]}}, {"model": "diario.pergunta", "pk": 64, "fields": {"fase": null, "sessao_numero": 0, "ordem": 4, "texto": "Assistente Social", "opcoes": [6, 7, 8, 9, 10]}}, {"model": "diario.pergunta", "pk": 65, "fields": {"fase": null, "sessao_numero": 0, "ordem": 5, "texto": "Jurista", "opcoes": [6, 7, 8, 9, 10]}}, {"model": "diario.pergunta", "pk": 66, "fields": {"fase": null, "sessao_numero": 0, "ordem": 6, "texto": "Enfermeiro", "opcoes": [6, 7, 8, 9, 10]}}, {"model": "diario.pergunta", "pk": 67, "fields": {"fase": null, "sessao_numero": 0, "ordem": 7, "texto": "Ter. Ocupacional/ Fisioterapeuta/ Enfermeiro:", "opcoes": [6, 7, 8, 9, 10]}}, {"model": "diario.pergunta", "pk": 68, "fields": {"fase": null, "sessao_numero": 0, "ordem": 1, "texto": "Aumentou a minha capacidade de cuidar do meu familiar.", "opcoes": [11, 12, 13, 14]}}, {"model": "diario.pergunta", "pk": 69, "fields": {"fase": null, "sessao_numero": 0, "ordem": 2, "texto": "Ensinou-me a cuidar melhor.", "opcoes": [11, 12, 13, 14]}}, {"model": "diario.pergunta", "pk": 70, "fields": {"fase": null, "sessao_numero": 0, "ordem": 3, "texto": "Ajudou-me a melhorar a qualidade de vida do meu familiar.", "opcoes": [11, 12, 13, 14]}}, {"model": "diario.pergunta", "pk": 71, "fields": {"fase": null, "sessao_numero": 0, "ordem": 4, "texto": "Exigiu muito de mim.", "opcoes": [11, 12, 13, 14]}}, {"model": "diario.pergunta", "pk": 72, "fields": {"fase": null, "sessao_numero": 0, "ordem": 5, "texto": "Aumentou a minha confiança no meu papel de cuidador.", "opcoes": [11, 12, 13, 14]}}, {"model": "diario.pergunta", "pk": 73, "fields": {"fase": null, "sessao_numero": 0, "ordem": 6, "texto": "Ajudou-me a compreender a relação entre o stresse, a prestação de cuidados e a minha saúde.", "opcoes": [11, 12, 13, 14]}}, {"model": "diario.pergunta", "pk": 74, "fields": {"fase": null, "sessao_numero": 0, "ordem": 7, "texto": "Forneceu-me informação útil.", "opcoes": [11, 12, 13, 14]}}, {"model": "diario.pergunta", "pk": 75, "fields": {"fase": null, "sessao_numero": 0, "ordem": 8, "texto": "Ajudou-me a compreender melhor a doença do meu familiar.", "opcoes": [11, 12, 13, 14]}}, {"model": "diario.pergunta", "pk": 76, "fields": {"fase": null, "sessao_numero": 0, "ordem": 9, "texto": "Ajudou-me a lidar melhor com as minhas emoções.", "opcoes": [11, 12, 13, 14]}}, {"model": "diario.pergunta", "pk": 77, "fields": {"fase": null, "sessao_numero": 0, "ordem": 10, "texto": "Ajudou-me a reconhecer que é importante cuidar de mim.", "opcoes": [11, 12, 13, 14]}}, {"model": "diario.pergunta", "pk": 78, "fields": {"fase": null, "sessao_numero": 0, "ordem": 11, "texto": "Fez-me sentir mais apoiado(a) pelos serviços e pelos técnicos.", "opcoes": [11, 12, 13, 14]}}, {"model": "diario.pergunta", "pk": 79, "fields": {"fase": null, "sessao_numero": 0, "ordem": 12, "texto": "Ajudou a sentir-me mais seguro(a) e confiante no meu papel de cuidador(a).", "opcoes": [11, 12, 13, 14]}}, {"model": "diario.pergunta", "pk": 80, "fields": {"fase": null, "sessao_numero": 0, "ordem": 13, "texto": "Permitiu conhecer pessoas novas e fazer algumas amizades.", "opcoes": [11, 12, 13, 14]}}, {"model": "diario.pergunta", "pk": 81, "fields": {"fase": null, "sessao_numero": 0, "ordem": 14, "texto": "Ajudou-me a compreender melhor as alterações verificadas no meu familiar/ amigo e a adquirir estratégias que me permitem lidar de forma adequada com essas alterações.", "opcoes": [11, 12, 13, 14]}}, {"model": "diario.pergunta", "pk": 82, "fields": {"fase": null, "sessao_numero": 0, "ordem": 15, "texto": "Fez-me aceitar melhor a minha situação.", "opcoes": [11, 12, 13, 14]}}, {"model": "diario.pergunta", "pk": 83, "fields": {"fase": null, "sessao_numero": 0, "ordem": 16, "texto": "Deu-me conhecimentos que permitiram melhorar a relação que tenho com o meu familiar/ amigo.", "opcoes": [11, 12, 13, 14]}}, {"model": "diario.pergunta", "pk": 84, "fields": {"fase": null, "sessao_numero": 0, "ordem": 17, "texto": "Fez-me alterar para melhor algumas das tarefas de cuidar.", "opcoes": [11, 12, 13, 14]}}, {"model": "diario.pergunta", "pk": 85, "fields": {"fase": null, "sessao_numero": 0, "ordem": 18, "texto": "Fez-me sentir útil quando partilhei a minha experiência com os outros cuidadores.", "opcoes": [11, 12, 13, 14]}}, {"model": "diario.pergunta", "pk": 86, "fields": {"fase": null, "sessao_numero": 0, "ordem": 19, "texto": "Permitiu-me perceber que há outras pessoas na mesma situação que eu, e que o que eu sinto é normal.", "opcoes": [11, 12, 13, 14]}}, {"model": "diario.pergunta", "pk": 87, "fields": {"fase": null, "sessao_numero": 0, "ordem": 20, "texto": "Motivou-me a participar nas iniciativas que existem na minha localidade.", "opcoes": [11, 12, 13, 14]}}, {"model": "diario.pergunta", "pk": 88, "fields": {"fase": null, "sessao_numero": 0, "ordem": 21, "texto": "Fez-me sentir feliz quando ajudei os outros elementos do grupo a solucionar os seus problemas.", "opcoes": [11, 12, 13, 14]}}, {"model": "diario.pergunta", "pk": 89, "fields": {"fase": null, "sessao_numero": 0, "ordem": 22, "texto": "Ajudou-me a organizar melhor o meu tempo, de modo a cuidar do meu familiar e de mim também.", "opcoes": [11, 12, 13, 14]}}, {"model": "diario.pergunta", "pk": 90, "fields": {"fase": null, "sessao_numero": 0, "ordem": 23, "texto": "Os cuidadores ao falar das suas experiências, ajudaram-me a resolver os meus problemas/dificuldades.", "opcoes": [11, 12, 13, 14]}}, {"model": "diario.pergunta", "pk": 91, "fields": {"fase": null, "sessao_numero": 0, "ordem": 1, "texto": "De um modo geral, em relação ao programa psicoeducativo do MentHA, encontro-me:", "opcoes": [15, 16, 17, 18, 19]}}, {"model": "diario.pergunta", "pk": 92, "fields": {"fase": null, "sessao_numero": 0, "ordem": 2, "texto": "Descreva, de forma breve, a **importância** que teve para si participar nas sessões do programa psicoeducativo do MentHA e o que considerou de **mais e menos positivo**:", "opcoes": []}}, {"model": "diario.questionario", "pk": 1, "fields": {"nome": "Compreender a doença I", "topico": null, "continuacaoDe": null, "perguntas": [1, 2, 3]}}, {"model": "diario.questionario", "pk": 3, "fields": {"nome": "Compreender a doença II", "topico": null, "continuacaoDe": null, "perguntas": [1, 2, 3]}}, {"model": "diario.questionario", "pk": 5, "fields": {"nome": "Medidas de apoio", "topico": null, "continuacaoDe": null, "perguntas": [2, 3, 42]}}, {"model": "diario.questionario", "pk": 6, "fields": {"nome": "Cuidados à pessoa I", "topico": null, "continuacaoDe": null, "perguntas": [2, 3, 43]}}, {"model": "diario.questionario", "pk": 7, "fields": {"nome": "Cuidados à pessoa II", "topico": null, "continuacaoDe": null, "perguntas": [2, 3, 44]}}, {"model": "diario.questionario", "pk": 8, "fields": {"nome": "Comunicação I/II", "topico": null, "continuacaoDe": null, "perguntas": [45, 46, 47]}}, {"model": "diario.questionario", "pk": 10, "fields": {"nome": "Ocupação", "topico": null, "continuacaoDe": null, "perguntas": [2, 3, 48]}}, {"model": "diario.questionario", "pk": 11, "fields": {"nome": "Emoções no cuidar", "topico": null, "continuacaoDe": null, "perguntas": [2, 3, 49]}}, {"model": "diario.questionario", "pk": 12, "fields": {"nome": "Cuidar do cuidador I/II", "topico": null, "continuacaoDe": 11, "perguntas": [50, 51, 52]}}, {"model": "diario.questionario", "pk": 14, "fields": {"nome": "Logística e Organização", "topico": "Avaliação de satisfação", "continuacaoDe": null, "perguntas": [53, 54, 55, 56, 57, 58]}}, {"model": "diario.questionario", "pk": 15, "fields": {"nome": "Expectativas", "topico": "Avaliação de satisfação", "continuacaoDe": null, "perguntas": [59]}}, {"model": "diario.questionario", "pk": 16, "fields": {"nome": "Documentação", "topico": "Avaliação de satisfação", "continuacaoDe": null, "perguntas": [60]}}, {"model": "diario.questionario", "pk": 17, "fields": {"nome": "Avaliação dos Dinamizadores", "topico": "Avaliação de satisfação", "continuacaoDe": null, "perguntas": [61, 62, 63, 64, 65, 66, 67]}}, {"model": "diario.questionario", "pk": 18, "fields": {"nome": "Avaliação da Experiência de Participação", "topico": null, "continuacaoDe": null, "perguntas": [68, 69, 70, 71, 72, 73, 74, 75, 76, 77, 78, 79, 80, 81, 82, 83, 84, 85, 86, 87, 88, 89, 90]}}, {"model": "diario.questionario", "pk": 19, "fields": {"nome": "Avaliacao Geral do Programa", "topico": null, "continuacaoDe": null, "perguntas": [91, 92]}}, {"model": "diario.parte", "pk": 1, "fields": {"fase": "I", "numeroSessao": 1, "objetivo": "Receber e integrar os participantes.", "descrição": "Dar as boas vindas e receber os participantes, integrando-os no contexto da sala e do grupo.", "materiais": "", "duracao": 20, "apresentacao": "", "sessao": null, "atividades": [], "questionarios": [1]}}, {"model": "diario.parte", "pk": 2, "fields": {"fase": "D", "numeroSessao": 1, "objetivo": "Apresentar o projeto MentHA e sua equipa", "descrição": "1. Fazer uma breve apresentação do projeto MentHA e da equipa, enquadrando o PPCI – MentHA e o propósito do grupo.", "materiais": "* panfleto de apresentação do projeto MentHA;", "duracao": 5, "apresentacao": "", "sessao": 1, "atividades": [], "questionarios": []}}, {"model": "diario.parte", "pk": 3, "fields": {"fase": "D", "numeroSessao": 1, "objetivo": "Apresentar e acolher os CI", "descrição": "Promover o conhecimento entre os elementos do grupo - Atividade 1.", "materiais": "* barco", "duracao": 30, "apresentacao": "", "sessao": 1, "atividades": [1], "questionarios": []}}, {"model": "diario.parte", "pk": 4, "fields": {"fase": "D", "numeroSessao": 1, "objetivo": "Apresentar o PPCI - MentHA", "descrição": "Discutir as regras de funcionamento da sessão -Atividade 2.\r\nApresentar o PPCI – MentHA, seus objetivos, sessões e conteúdos (resumidamente), assim como a equipa de profissionais. Contextualizar a intervenção psicoeducativa.", "materiais": "* Diário de bordo (caderno A6) \r\n* papel A4 de cores diferentes\r\n* canetas\r\n* bostik\r\n* panfleto de apresentação do PPCI – MentHA", "duracao": 30, "apresentacao": "", "sessao": 1, "atividades": [2], "questionarios": []}}, {"model": "diario.parte", "pk": 5, "fields": {"fase": "F", "numeroSessao": 1, "objetivo": "Encerrar a sessão", "descrição": "Agradecer a presença e participação de todos.\r\nEnquadrar a sessão seguinte.", "materiais": "", "duracao": 5, "apresentacao": "", "sessao": 1, "atividades": [], "questionarios": []}}, {"model": "diario.parte", "pk": 6, "fields": {"fase": "I", "numeroSessao": 2, "objetivo": "Receber e integrar os participantes.", "descrição": "1. Dar as boas vindas e receber os participantes, integrando-os no contexto da sala e do grupo.\r\n1. Relembrar a identidade dos elementos - Atividade 3.\r\n1. Enquadrar a sessão.\r\n1. Avaliar as aprendizagens com questionário", "materiais": "", "duracao": 15, "apresentacao": "", "sessao": 2, "atividades": [3], "questionarios": [1]}}, {"model": "diario.parte", "pk": 7, "fields": {"fase": "D", "numeroSessao": 2, "objetivo": "Promover o conhecimento acerca das doenças mentais (demência e perturbação bipolar)", "descrição": "1. Apresentar conteúdos teóricos sobre a doença [demência e perturbação bipolar], seus sintomas e evolução.\r\n2. Promover a discussão e esclarecimento de dúvidas", "materiais": "* apres. power-point \r\n* Informação sobre demência e perturbação bipolar\r\n* pc, vídeo-projetor", "duracao": 40, "apresentacao": "apresentacoes/TFC-21.22Regulamento_v.1.pdf", "sessao": 2, "atividades": [], "questionarios": []}}, {"model": "diario.parte", "pk": 8, "fields": {"fase": "D", "numeroSessao": 2, "objetivo": "Partilhar experiências no sentido da ventilação de emoções e normalização de sentimentos", "descrição": "Partilhar com o grupo as maiores dificuldades e angústias na gestão do cuidado e da doença, assim como de situações felizes -Atividade 4.", "materiais": "* verdes, amarelos e vermelhos", "duracao": 25, "apresentacao": "", "sessao": 2, "atividades": [4], "questionarios": []}}, {"model": "diario.parte", "pk": 9, "fields": {"fase": "F", "numeroSessao": 2, "objetivo": "Encerrar a sessão", "descrição": "Fazer um briefing sobre a sessão.\r\nLançar o desafio da “participação semanal” - Atividade 5.\r\nEnquadrar a sessão seguinte.\r\nAvaliar as aprendizagens (Anexo 2).\r\nAgradecer a presença e participação de todos.", "materiais": "", "duracao": 10, "apresentacao": "", "sessao": 2, "atividades": [5], "questionarios": [1]}}, {"model": "diario.parte", "pk": 10, "fields": {"fase": "I", "numeroSessao": 3, "objetivo": "Receber os participantes.", "descrição": "Dar as boas vindas e receber os participantes.\r\nDar oportunidade aos CI para partilharem a experiência da “participação semanal” - Atividade 5. \r\nEnquadrar a sessão.\r\nAvaliar as aprendizagens (Anexo 2).", "materiais": "", "duracao": 15, "apresentacao": "", "sessao": null, "atividades": [5], "questionarios": [3]}}, {"model": "diario.parte", "pk": 11, "fields": {"fase": "D", "numeroSessao": 3, "objetivo": "Promover o conhecimento acerca das doenças mentais (esquizofrenia, incapacidade intelectual)", "descrição": "Apresentar conteúdos teóricos sobre a doença [esquizofrenia, incapacidade intelectual (3)], seus sintomas e evolução.\r\nPromover a discussão e esclarecimento de dúvidas.", "materiais": "* apres. power-point \r\n* Informação sobre  esquizofrenia, incapacidade intelectual\r\n* pc, vídeo-projetor", "duracao": 40, "apresentacao": "", "sessao": 3, "atividades": [], "questionarios": []}}, {"model": "diario.parte", "pk": 12, "fields": {"fase": "D", "numeroSessao": 3, "objetivo": "Partilhar experiências no sentido da ventilação de emoções e normalização de sentimentos", "descrição": "Partilhar com o grupo os principais sentimentos/ estado de espírito quanto à gestão da doença do familiar/amigo (refletindo-se sobre as dificuldades, angústias e felicidades) - Atividade 6.", "materiais": "* emoticons (sem expressão)\r\n* canetas grossas", "duracao": 25, "apresentacao": "", "sessao": 3, "atividades": [6], "questionarios": []}}, {"model": "diario.parte", "pk": 13, "fields": {"fase": "F", "numeroSessao": 3, "objetivo": "Encerrar a sessão", "descrição": "Fazer um briefing sobre a sessão.\r\nLançar o desafio da “participação semanal” - Atividade 5.\r\nEnquadrar a sessão seguinte.\r\nAvaliar as aprendizagens (Anexo 2).\r\nAgradecer a presença e participação de todos.", "materiais": "", "duracao": 10, "apresentacao": "", "sessao": 3, "atividades": [5], "questionarios": [3]}}, {"model": "diario.parte", "pk": 14, "fields": {"fase": "I", "numeroSessao": 4, "objetivo": "Receber os participantes", "descrição": "Dar as boas vindas e receber os participantes.\r\nDar oportunidade aos CI para partilharem a experiência da “participação semanal” - Atividade 5.  \r\nEnquadrar a sessão.\r\nAvaliar as aprendizagens (Anexo 2).", "materiais": "", "duracao": 15, "apresentacao": "", "sessao": 4, "atividades": [5], "questionarios": [5]}}, {"model": "diario.parte", "pk": 15, "fields": {"fase": "D", "numeroSessao": 4, "objetivo": "Promover o conhecimento dos participantes quanto aos apoios sociais e recursos da comunidade existentes.", "descrição": "Apresentar os diferentes benefícios sociais aplicáveis no contexto dos cuidados informais; e os recursos da comunidade (ex. respostas sociais, projetos comunitários).\r\nEsclarecer as dúvidas dos participantes.", "materiais": "* apres. power-point \r\n* Informação sobre  apoios sociais e recursos da comunidade\r\n* panfleto informativo\r\n* pc, vídeo-projetor", "duracao": 30, "apresentacao": "", "sessao": 4, "atividades": [], "questionarios": []}}, {"model": "diario.parte", "pk": 16, "fields": {"fase": "D", "numeroSessao": 4, "objetivo": "Promover o conhecimento dos participantes quanto aos processos de inabilitação e interdição (apoios legais).", "descrição": "Apresentar as questões jurídicas relativas aos processos de inabilitação e interdição do doente.", "materiais": "* apres. power-point\r\n* Informação sobre processos de inabilitação e interdição\r\n* panfleto informativo\r\n* pc, vídeo-projetor", "duracao": 30, "apresentacao": "", "sessao": 4, "atividades": [], "questionarios": []}}, {"model": "diario.parte", "pk": 17, "fields": {"fase": "F", "numeroSessao": 4, "objetivo": "Encerrar a sessão", "descrição": "Fazer um briefing sobre a sessão.\r\nEnquadrar a sessão seguinte.\r\nAvaliar as aprendizagens (Anexo 2).\r\nAgradecer a presença e participação de todos.", "materiais": "", "duracao": 10, "apresentacao": "", "sessao": 4, "atividades": [], "questionarios": [5]}}, {"model": "diario.parte", "pk": 18, "fields": {"fase": "I", "numeroSessao": 5, "objetivo": "Receber os participantes.", "descrição": "Dar as boas vindas e receber os participantes.\r\nDar oportunidade de conversar sobre a sessão anterior: pertinência, importância, dúvidas.\r\nEnquadrar a sessão.\r\nAvaliar as aprendizagens (Anexo 2).", "materiais": "", "duracao": 15, "apresentacao": "", "sessao": 5, "atividades": [], "questionarios": [6]}}, {"model": "diario.parte", "pk": 19, "fields": {"fase": "D", "numeroSessao": 5, "objetivo": "Conhecer boas práticas na prestação de cuidados de higiene e conforto,  eliminação, alimentação e medicação", "descrição": "Apresentar conteúdos teóricos sobre as boas práticas na atividade de higiene e conforto, eliminação, alimentação e medicação. \r\nPromover a discussão e esclarecimento de dúvidas.", "materiais": "* apres. power-point \r\n* Boas práticas de higiene e conforto, eliminação, alimentação e medicação\r\n* pc, vídeo-projetor", "duracao": 45, "apresentacao": "", "sessao": 5, "atividades": [], "questionarios": []}}, {"model": "diario.parte", "pk": 20, "fields": {"fase": "D", "numeroSessao": 5, "objetivo": "Partilhar experiências no sentido da ventilação de emoções e normalização de sentimentos", "descrição": "Promover a discussão acerca das dificuldades sentidas na prestação destes cuidados -Atividade 7.", "materiais": "* revistas, jornais\r\n* tesouras, cola, folhas brancas, lápis de cor", "duracao": 20, "apresentacao": "", "sessao": 5, "atividades": [7], "questionarios": []}}, {"model": "diario.parte", "pk": 21, "fields": {"fase": "F", "numeroSessao": 10, "objetivo": "Encerrar a sessão", "descrição": "Fazer um briefing sobre a sessão.\r\nLançar o desafio da “participação semanal” - Atividade 8.\r\nEnquadrar a sessão seguinte.\r\nAvaliar as aprendizagens (Anexo 2).\r\nAgradecer a presença e participação de todos.", "materiais": "", "duracao": 10, "apresentacao": "", "sessao": 10, "atividades": [8], "questionarios": []}}, {"model": "diario.parte", "pk": 22, "fields": {"fase": "I", "numeroSessao": 6, "objetivo": "Receber os participantes.", "descrição": "Dar as boas vindas e receber os participantes.\r\nDar oportunidade aos CI para partilharem a experiência da “participação semanal” - Atividade 8.\r\nEnquadrar a sessão.\r\nAvaliar as aprendizagens (Anexo 2).", "materiais": "", "duracao": 20, "apresentacao": "", "sessao": 6, "atividades": [8], "questionarios": [7]}}, {"model": "diario.parte", "pk": 23, "fields": {"fase": "D", "numeroSessao": 6, "objetivo": "Conhecer boas práticas na prestação de cuidados ao nível das transferências e posicionamentos", "descrição": "Apresentar conteúdos teóricos sobre as boas práticas nas transferências e posicionamentos (6); mostrar/ descrever ajudas técnicas (ex. SARA). Experimentar algumas transferências e posicionamentos entre o grupo, melhorando a sua execução e, sempre que possível, dando outras opções.\r\nPromover a discussão e esclarecimento de dúvidas; chamar a atenção para as boas posturas.", "materiais": "* apres. power-point \r\n* Boas práticas nas transferências e posicionamentos;\r\n* pc, vídeo-projetor  \r\n* Equipamentos (o possível): cama, cadeira rodas, almofadas, disco de transferência, ...", "duracao": 45, "apresentacao": "", "sessao": 6, "atividades": [], "questionarios": []}}, {"model": "diario.parte", "pk": 24, "fields": {"fase": "D", "numeroSessao": 6, "objetivo": "Conhecer boas práticas na prestação de cuidados ao nível das transferências e posicionamentos", "descrição": "Experimentar exercícios de alívio da sobrecarga mecânica – alongamentos, relaxamento muscular.", "materiais": "* banda elástica para alongamento (opção)", "duracao": 20, "apresentacao": "", "sessao": 6, "atividades": [], "questionarios": []}}, {"model": "diario.parte", "pk": 25, "fields": {"fase": "F", "numeroSessao": 6, "objetivo": "Encerrar a sessão", "descrição": "Fazer um briefing sobre a sessão.\r\nLançar o desafio da “participação semanal” - Atividade 9.\r\nEnquadrar a sessão seguinte.\r\nAvaliar as aprendizagens (Anexo 2).\r\nAgradecer a presença e participação de todos.", "materiais": "", "duracao": 10, "apresentacao": "", "sessao": 6, "atividades": [9], "questionarios": [7]}}, {"model": "diario.parte", "pk": 26, "fields": {"fase": "I", "numeroSessao": 7, "objetivo": "Receber os participantes.", "descrição": "Dar as boas vindas e receber os participantes. \r\nDar oportunidade aos CI para partilharem a experiência da “participação semanal” - Atividade 9.\r\nEnquadrar a sessão.\r\nAvaliar as aprendizagens (Anexo 2).", "materiais": "", "duracao": 15, "apresentacao": "", "sessao": 7, "atividades": [9], "questionarios": [8]}}, {"model": "diario.parte", "pk": 27, "fields": {"fase": "D", "numeroSessao": 7, "objetivo": "Explorar estratégias de comunicação e de gestão de comportamentos desafiantes.", "descrição": "Promover a discussão de boas práticas e o esclarecimento de dúvidas, com recurso a casos práticos (7) - Atividade 10.", "materiais": "* 4 casos práticos \r\n* Panfleto “Boas práticas na comunicação e na gestão de comportamentos”\r\n* cartolinas/ folhas, canetas, bostik", "duracao": 55, "apresentacao": "", "sessao": 7, "atividades": [10], "questionarios": []}}, {"model": "diario.parte", "pk": 28, "fields": {"fase": "D", "numeroSessao": 7, "objetivo": "Partilhar experiências no sentido da ventilação de emoções e normalização de sentimentos", "descrição": "Promover a reflexão acerca das dificuldades sentidas na comunicação com o doente, através de uma atividade de relaxamento - Atividade 11.", "materiais": "* rádio & música relaxante", "duracao": 10, "apresentacao": "", "sessao": 7, "atividades": [11], "questionarios": []}}, {"model": "diario.parte", "pk": 29, "fields": {"fase": "F", "numeroSessao": 7, "objetivo": "Encerrar a sessão", "descrição": "Fazer um briefing sobre a sessão.\r\nLançar o desafio da “participação semanal” - Atividade 12.\r\nEnquadrar a sessão seguinte.\r\nAgradecer a presença e participação de todos.", "materiais": "", "duracao": 10, "apresentacao": "", "sessao": 7, "atividades": [12], "questionarios": []}}, {"model": "diario.parte", "pk": 30, "fields": {"fase": "I", "numeroSessao": 8, "objetivo": "Receber os participantes.", "descrição": "Dar as boas vindas e receber os participantes (8).\r\nDar oportunidade aos CI para partilharem a experiência da primeira parte da “participação semanal” - Atividade 12.\r\nEnquadrar a sessão.", "materiais": "", "duracao": 15, "apresentacao": "", "sessao": 6, "atividades": [12], "questionarios": []}}, {"model": "diario.parte", "pk": 31, "fields": {"fase": "D", "numeroSessao": 8, "objetivo": "Explorar estratégias de comunicação e de gestão de comportamentos desafiantes", "descrição": "Promover a discussão de boas práticas e o esclarecimento de dúvidas, com recurso a situações dos próprios CI - Atividade 13.", "materiais": "* cartolinas, canetas, bostik", "duracao": 35, "apresentacao": "", "sessao": 8, "atividades": [13], "questionarios": []}}, {"model": "diario.parte", "pk": 32, "fields": {"fase": "D", "numeroSessao": 8, "objetivo": "Partilhar experiências no sentido da ventilação de emoções e normalização de sentimentos", "descrição": "Realizar uma atividade de  reflexão, através da pintura, acerca das emoções inerentes às dificuldades na comunicação e na gestão com comportamentos desafiantes -Atividade 14.", "materiais": "* folhas brancas grossas\r\n* pincéis, copos com água, guaches de cores diversas, guardanapos/ panos\r\n* rádio & música;", "duracao": 30, "apresentacao": "", "sessao": 8, "atividades": [14], "questionarios": []}}, {"model": "diario.parte", "pk": 33, "fields": {"fase": "F", "numeroSessao": 8, "objetivo": "Encerrar a sessão", "descrição": "Fazer um briefing sobre a sessão.\r\nLançar o desafio da “participação semanal” - Atividade 15.\r\nEnquadrar a sessão seguinte.\r\nAvaliar as aprendizagens (Anexo 2).\r\nAgradecer a presença e participação de todos.", "materiais": "", "duracao": 10, "apresentacao": "", "sessao": 8, "atividades": [17], "questionarios": [8]}}, {"model": "diario.parte", "pk": 34, "fields": {"fase": "I", "numeroSessao": 9, "objetivo": "Receber os participantes.", "descrição": "Dar as boas vindas e receber os participantes.\r\nDar oportunidade aos CI para partilharem a experiência  da “participação semanal” - Atividade 15.\r\nEnquadrar a sessão.\r\nAvaliar as aprendizagens (Anexo 2).", "materiais": "", "duracao": 15, "apresentacao": "", "sessao": 9, "atividades": [17], "questionarios": [10]}}, {"model": "diario.parte", "pk": 35, "fields": {"fase": "D", "numeroSessao": 9, "objetivo": "Promover boas práticas na prestação de cuidados: estratégias de ocupação do RC", "descrição": "Explorar a importância da ocupação na vida das pessoas, quer ao nível do entretenimento como da estimulação. Apresentar exemplos de atividades de estimulação de acordo com as patologias presentes.", "materiais": "* apres. power-point \r\n* Ocupação: entretenimento e estimulação;\r\n* pc, vídeo-projetor\r\n*  exemplos de atividades de estimulação", "duracao": 45, "apresentacao": "", "sessao": 9, "atividades": [], "questionarios": []}}, {"model": "diario.parte", "pk": 36, "fields": {"fase": "D", "numeroSessao": 9, "objetivo": "Partilhar experiências e refletir sobre a importância da ocupação no bem-estar", "descrição": "Refletir sobre as atividades realizadas ao longo da semana e o tempo despendido nas atividades que lhe são prazerosas - Atividade 16.", "materiais": "* ficha “Como se ocupa”", "duracao": 20, "apresentacao": "", "sessao": 9, "atividades": [18], "questionarios": []}}, {"model": "diario.parte", "pk": 37, "fields": {"fase": "F", "numeroSessao": 9, "objetivo": "Encerrar a sessão", "descrição": "Fazer um briefing sobre a sessão.\r\nLançar o desafio da “participação semanal” - Atividade 17.\r\nEnquadrar a sessão seguinte.\r\nAvaliar as aprendizagens (Anexo 2).\r\nAgradecer a presença e participação de todos.", "materiais": "", "duracao": 10, "apresentacao": "", "sessao": 9, "atividades": [19], "questionarios": [10]}}, {"model": "diario.parte", "pk": 38, "fields": {"fase": "I", "numeroSessao": 10, "objetivo": "Receber os participantes.", "descrição": "Dar as boas vindas e receber os participantes.\r\nDar oportunidade aos CI para partilharem a experiência da “participação semanal” - Atividade 17.\r\nEnquadrar a sessão.\r\nAvaliar as aprendizagens (Anexo 2).", "materiais": "", "duracao": 20, "apresentacao": "", "sessao": 10, "atividades": [19], "questionarios": [11]}}, {"model": "diario.parte", "pk": 39, "fields": {"fase": "D", "numeroSessao": 10, "objetivo": "Explorar estratégias de gestão emocional e de coping", "descrição": "Leitura de um testemunho de um cuidador.\r\n Relato sobre o turbilhão de emoções associados ao cuidado, assim como da importância da gestão emocional.\r\nPromover a discussão, reconhecendo a universalidade dos sentimentos e emoções, assim como de estratégias de gestão emocional - Atividade 18.", "materiais": "* testemunho de CI", "duracao": 30, "apresentacao": "", "sessao": 10, "atividades": [20], "questionarios": []}}, {"model": "diario.parte", "pk": 40, "fields": {"fase": "D", "numeroSessao": 10, "objetivo": "Partilhar experiências e refletir acerca do tema: diminuição de ansiedade e depressão; diminuição da sobrecarga; desenvolvimento de estratégias de coping;", "descrição": "1. Dividir os elementos em grupos de 2 a 3 pessoas.\r\n2. Identificar estratégias de gestão de stresse, gestão emocional e coping - Atividade 19.", "materiais": "* cartolinas/ folhas, canetas de cores\r\n* revistas, jornais\r\n* tesouras, cola, folhas de cores", "duracao": 35, "apresentacao": "", "sessao": 10, "atividades": [21], "questionarios": []}}, {"model": "diario.parte", "pk": 41, "fields": {"fase": "F", "numeroSessao": 10, "objetivo": "Encerrar a sessão", "descrição": "Fazer um briefing sobre a sessão.\r\nLançar o desafio da “participação semanal” - Atividade 20.\r\nEnquadrar a sessão seguinte.\r\nAvaliar as aprendizagens (Anexo 2).\r\nAgradecer a presença e participação de todos.", "materiais": "", "duracao": 10, "apresentacao": "", "sessao": 10, "atividades": [22], "questionarios": [11]}}, {"model": "diario.parte", "pk": 42, "fields": {"fase": "I", "numeroSessao": 11, "objetivo": "Receber os participantes.", "descrição": "Dar as boas vindas e receber os participantes.\r\nDar oportunidade aos CI para partilharem a experiência da “participação semanal” (Atividade 20).  \r\nEnquadrar a sessão.\r\nAvaliar as aprendizagens (Anexo 2).", "materiais": "", "duracao": 20, "apresentacao": "", "sessao": 11, "atividades": [22], "questionarios": [12]}}, {"model": "diario.parte", "pk": 43, "fields": {"fase": "D", "numeroSessao": 11, "objetivo": "Incentivar o autocuidado e a valorização do papel de cuidador", "descrição": "Reflexão e exploração dos aspetos positivos associados ao cuidado.\r\nReconhecer o cuidar do outro enquanto fonte de gratificação e satisfação. (Atividade 21)", "materiais": "* ficha “Importan-tómetro”", "duracao": 30, "apresentacao": "", "sessao": 11, "atividades": [23], "questionarios": []}}, {"model": "diario.parte", "pk": 44, "fields": {"fase": "D", "numeroSessao": 11, "objetivo": "Partilhar experiências e refletir acerca do tema: diminuição de ansiedade e depressão; diminuição da sobrecarga; desenvolvimento de estratégias de coping;", "descrição": "Realização de uma massagem – promoção da consciência da satisfação e bem-estar. \r\nReflexão sobre a importância do bem-estar na vida pessoal (na sua felicidade), e na qualidade dos cuidados prestados (estar bem para cuidar bem) (Atividade 22).", "materiais": "* creme hidratante com cheiro agradável; objetos de massagem cabeça, costas, braços, ...\r\n* rádio & música;", "duracao": 35, "apresentacao": "", "sessao": 11, "atividades": [24], "questionarios": []}}, {"model": "diario.parte", "pk": 45, "fields": {"fase": "F", "numeroSessao": 11, "objetivo": "Encerrar a sessão", "descrição": "Fazer um briefing sobre a sessão.\r\nLançar o desafio da “participação semanal” (Atividade 23).\r\nEnquadrar a sessão seguinte.\r\nAgradecer a presença e participação de todos.", "materiais": "", "duracao": 10, "apresentacao": "", "sessao": 11, "atividades": [25], "questionarios": []}}, {"model": "diario.parte", "pk": 46, "fields": {"fase": "I", "numeroSessao": 12, "objetivo": "Receber os participantes.", "descrição": "Dar as boas vindas e receber os participantes.\r\nDar oportunidade aos CI para partilharem a experiência do desafio pessoal (Atividade 23).\r\nEnquadrar a sessão.", "materiais": "", "duracao": null, "apresentacao": "", "sessao": 12, "atividades": [25], "questionarios": []}}, {"model": "diario.parte", "pk": 47, "fields": {"fase": "D", "numeroSessao": 12, "objetivo": "Incentivar o autocuidado.", "descrição": "Refletir sobre a gestão do tempo, tendo em conta a realização das atividades de lazer mais significativas para o CI (Atividade 24).", "materiais": "* vários (consultar atividade 24)", "duracao": 45, "apresentacao": "", "sessao": 12, "atividades": [26], "questionarios": []}}, {"model": "diario.parte", "pk": 48, "fields": {"fase": "D", "numeroSessao": 12, "objetivo": "Promover a diminuição de ansiedade e depressão; diminuição da sobrecarga; desenvolvimento de estratégias de coping e de redes sociais de apoio.", "descrição": "Refletir sobre as atividades realizadas ao longo da semana e o tempo despendido nas atividades que lhe são prazerosas (Atividade 25).\r\nPartilhar com o grupo as reflexões decorrentes da atividade.", "materiais": "* ficha “Como me ocupo”", "duracao": 20, "apresentacao": "", "sessao": 12, "atividades": [27], "questionarios": []}}, {"model": "diario.parte", "pk": 49, "fields": {"fase": "F", "numeroSessao": 12, "objetivo": "Encerrar a sessão", "descrição": "Fazer um briefing sobre a sessão.\r\nLançar o desafio da “participação semanal” (Atividade 26).\r\nEnquadrar a sessão seguinte.\r\nAvaliar as aprendizagens (Anexo 2).\r\nAgradecer a presença e participação de todos.", "materiais": "", "duracao": 10, "apresentacao": "", "sessao": 12, "atividades": [28], "questionarios": [12]}}, {"model": "diario.parte", "pk": 50, "fields": {"fase": "I", "numeroSessao": 13, "objetivo": "Receber os participantes.", "descrição": "Dar as boas vindas e receber os participantes.\r\nDar oportunidade aos CI para partilharem a experiência do desafio pessoal (Atividade 26).", "materiais": "", "duracao": 15, "apresentacao": "", "sessao": 13, "atividades": [28], "questionarios": []}}, {"model": "diario.parte", "pk": 51, "fields": {"fase": "D", "numeroSessao": 13, "objetivo": "Promover as redes sociais de apoio.", "descrição": "Refletir sobre o percurso e as mais-valias da participação no programa (Atividade 27).", "materiais": "* 4 novelos de lã  de cor diferente", "duracao": 30, "apresentacao": "", "sessao": 13, "atividades": [29], "questionarios": []}}, {"model": "diario.parte", "pk": 52, "fields": {"fase": "D", "numeroSessao": 13, "objetivo": "Promover as redes sociais de apoio.", "descrição": "Esclarecer as condições de continuidade dos encontros, agora na modalidade dos Grupos de Ajuda Mútua (GAM).", "materiais": "", "duracao": 15, "apresentacao": "", "sessao": 13, "atividades": [], "questionarios": []}}, {"model": "diario.parte", "pk": 53, "fields": {"fase": "F", "numeroSessao": 13, "objetivo": "Encerrar a sessão", "descrição": "Preencher o questionário de satisfação do CI para com o PPCI – MentHA.\r\nConvívio – mesa de lanche partilhado.\r\nAgradecer a presença e participação de todos.", "materiais": "", "duracao": 30, "apresentacao": "", "sessao": 13, "atividades": [], "questionarios": [14, 15, 16, 17]}}, {"model": "diario.parte", "pk": 54, "fields": {"fase": "F", "numeroSessao": 5, "objetivo": "Encerrar a sessão", "descrição": "Fazer um briefing sobre a sessão.\r\nLançar o desafio da “participação semanal” - Atividade 8.\r\nEnquadrar a sessão seguinte.\r\nAvaliar as aprendizagens (Anexo 2).\r\nAgradecer a presença e participação de todos.", "materiais": "", "duracao": 10, "apresentacao": "", "sessao": 5, "atividades": [8], "questionarios": [6]}}, {"model": "diario.partegrupo", "pk": 307, "fields": {"sessaoGrupo": 169, "parte": 2, "inicio": "2022-11-06T14:52:19Z", "fim": "2022-11-06T18:39:45.131Z", "concluido": true}}, {"model": "diario.partegrupo", "pk": 308, "fields": {"sessaoGrupo": 169, "parte": 3, "inicio": "2022-11-10T18:53:50.809Z", "fim": "2022-11-10T19:12:06.830Z", "concluido": true}}, {"model": "diario.partegrupo", "pk": 309, "fields": {"sessaoGrupo": 169, "parte": 4, "inicio": "2022-11-10T19:13:23.155Z", "fim": "2022-11-10T19:13:28.161Z", "concluido": true}}, {"model": "diario.partegrupo", "pk": 310, "fields": {"sessaoGrupo": 169, "parte": 5, "inicio": "2022-11-10T19:37:45.511Z", "fim": null, "concluido": false}}, {"model": "diario.partegrupo", "pk": 311, "fields": {"sessaoGrupo": 170, "parte": 6, "inicio": "2022-11-11T11:09:49.416Z", "fim": "2022-11-11T11:09:51.952Z", "concluido": true}}, {"model": "diario.partegrupo", "pk": 312, "fields": {"sessaoGrupo": 170, "parte": 7, "inicio": "2022-11-11T11:10:00.371Z", "fim": null, "concluido": false}}, {"model": "diario.partegrupo", "pk": 313, "fields": {"sessaoGrupo": 170, "parte": 8, "inicio": null, "fim": null, "concluido": false}}, {"model": "diario.partegrupo", "pk": 314, "fields": {"sessaoGrupo": 170, "parte": 9, "inicio": null, "fim": null, "concluido": false}}, {"model": "diario.partegrupo", "pk": 315, "fields": {"sessaoGrupo": 171, "parte": 11, "inicio": null, "fim": null, "concluido": false}}, {"model": "diario.partegrupo", "pk": 316, "fields": {"sessaoGrupo": 171, "parte": 12, "inicio": null, "fim": null, "concluido": false}}, {"model": "diario.partegrupo", "pk": 317, "fields": {"sessaoGrupo": 171, "parte": 13, "inicio": null, "fim": null, "concluido": false}}, {"model": "diario.partegrupo", "pk": 318, "fields": {"sessaoGrupo": 172, "parte": 14, "inicio": null, "fim": null, "concluido": false}}, {"model": "diario.partegrupo", "pk": 319, "fields": {"sessaoGrupo": 172, "parte": 15, "inicio": null, "fim": null, "concluido": false}}, {"model": "diario.partegrupo", "pk": 320, "fields": {"sessaoGrupo": 172, "parte": 16, "inicio": null, "fim": null, "concluido": false}}, {"model": "diario.partegrupo", "pk": 321, "fields": {"sessaoGrupo": 172, "parte": 17, "inicio": null, "fim": null, "concluido": false}}, {"model": "diario.partegrupo", "pk": 322, "fields": {"sessaoGrupo": 173, "parte": 18, "inicio": null, "fim": null, "concluido": false}}, {"model": "diario.partegrupo", "pk": 323, "fields": {"sessaoGrupo": 173, "parte": 19, "inicio": null, "fim": null, "concluido": false}}, {"model": "diario.partegrupo", "pk": 324, "fields": {"sessaoGrupo": 173, "parte": 20, "inicio": null, "fim": null, "concluido": false}}, {"model": "diario.partegrupo", "pk": 325, "fields": {"sessaoGrupo": 173, "parte": 54, "inicio": null, "fim": null, "concluido": false}}, {"model": "diario.partegrupo", "pk": 326, "fields": {"sessaoGrupo": 174, "parte": 22, "inicio": null, "fim": null, "concluido": false}}, {"model": "diario.partegrupo", "pk": 327, "fields": {"sessaoGrupo": 174, "parte": 23, "inicio": null, "fim": null, "concluido": false}}, {"model": "diario.partegrupo", "pk": 328, "fields": {"sessaoGrupo": 174, "parte": 24, "inicio": null, "fim": null, "concluido": false}}, {"model": "diario.partegrupo", "pk": 329, "fields": {"sessaoGrupo": 174, "parte": 25, "inicio": null, "fim": null, "concluido": false}}, {"model": "diario.partegrupo", "pk": 330, "fields": {"sessaoGrupo": 174, "parte": 30, "inicio": null, "fim": null, "concluido": false}}, {"model": "diario.partegrupo", "pk": 331, "fields": {"sessaoGrupo": 175, "parte": 26, "inicio": null, "fim": null, "concluido": false}}, {"model": "diario.partegrupo", "pk": 332, "fields": {"sessaoGrupo": 175, "parte": 27, "inicio": null, "fim": null, "concluido": false}}, {"model": "diario.partegrupo", "pk": 333, "fields": {"sessaoGrupo": 175, "parte": 28, "inicio": null, "fim": null, "concluido": false}}, {"model": "diario.partegrupo", "pk": 334, "fields": {"sessaoGrupo": 175, "parte": 29, "inicio": null, "fim": null, "concluido": false}}, {"model": "diario.partegrupo", "pk": 335, "fields": {"sessaoGrupo": 176, "parte": 31, "inicio": null, "fim": null, "concluido": false}}, {"model": "diario.partegrupo", "pk": 336, "fields": {"sessaoGrupo": 176, "parte": 32, "inicio": null, "fim": null, "concluido": false}}, {"model": "diario.partegrupo", "pk": 337, "fields": {"sessaoGrupo": 176, "parte": 33, "inicio": null, "fim": null, "concluido": false}}, {"model": "diario.partegrupo", "pk": 338, "fields": {"sessaoGrupo": 177, "parte": 34, "inicio": null, "fim": null, "concluido": false}}, {"model": "diario.partegrupo", "pk": 339, "fields": {"sessaoGrupo": 177, "parte": 35, "inicio": null, "fim": null, "concluido": false}}, {"model": "diario.partegrupo", "pk": 340, "fields": {"sessaoGrupo": 177, "parte": 36, "inicio": null, "fim": null, "concluido": false}}, {"model": "diario.partegrupo", "pk": 341, "fields": {"sessaoGrupo": 177, "parte": 37, "inicio": null, "fim": null, "concluido": false}}, {"model": "diario.partegrupo", "pk": 342, "fields": {"sessaoGrupo": 178, "parte": 21, "inicio": null, "fim": null, "concluido": false}}, {"model": "diario.partegrupo", "pk": 343, "fields": {"sessaoGrupo": 178, "parte": 38, "inicio": null, "fim": null, "concluido": false}}, {"model": "diario.partegrupo", "pk": 344, "fields": {"sessaoGrupo": 178, "parte": 39, "inicio": null, "fim": null, "concluido": false}}, {"model": "diario.partegrupo", "pk": 345, "fields": {"sessaoGrupo": 178, "parte": 40, "inicio": null, "fim": null, "concluido": false}}, {"model": "diario.partegrupo", "pk": 346, "fields": {"sessaoGrupo": 178, "parte": 41, "inicio": null, "fim": null, "concluido": false}}, {"model": "diario.partegrupo", "pk": 347, "fields": {"sessaoGrupo": 179, "parte": 42, "inicio": null, "fim": null, "concluido": false}}, {"model": "diario.partegrupo", "pk": 348, "fields": {"sessaoGrupo": 179, "parte": 43, "inicio": null, "fim": null, "concluido": false}}, {"model": "diario.partegrupo", "pk": 349, "fields": {"sessaoGrupo": 179, "parte": 44, "inicio": null, "fim": null, "concluido": false}}, {"model": "diario.partegrupo", "pk": 350, "fields": {"sessaoGrupo": 179, "parte": 45, "inicio": null, "fim": null, "concluido": false}}, {"model": "diario.partegrupo", "pk": 351, "fields": {"sessaoGrupo": 180, "parte": 46, "inicio": null, "fim": null, "concluido": false}}, {"model": "diario.partegrupo", "pk": 352, "fields": {"sessaoGrupo": 180, "parte": 47, "inicio": null, "fim": null, "concluido": false}}, {"model": "diario.partegrupo", "pk": 353, "fields": {"sessaoGrupo": 180, "parte": 48, "inicio": null, "fim": null, "concluido": false}}, {"model": "diario.partegrupo", "pk": 354, "fields": {"sessaoGrupo": 180, "parte": 49, "inicio": null, "fim": null, "concluido": false}}, {"model": "diario.partegrupo", "pk": 355, "fields": {"sessaoGrupo": 181, "parte": 50, "inicio": null, "fim": null, "concluido": false}}, {"model": "diario.partegrupo", "pk": 356, "fields": {"sessaoGrupo": 181, "parte": 51, "inicio": null, "fim": null, "concluido": false}}, {"model": "diario.partegrupo", "pk": 357, "fields": {"sessaoGrupo": 181, "parte": 52, "inicio": null, "fim": null, "concluido": false}}, {"model": "diario.partegrupo", "pk": 358, "fields": {"sessaoGrupo": 181, "parte": 53, "inicio": null, "fim": null, "concluido": false}}, {"model": "diario.partegrupo", "pk": 359, "fields": {"sessaoGrupo": 182, "parte": 2, "inicio": null, "fim": null, "concluido": false}}, {"model": "diario.partegrupo", "pk": 360, "fields": {"sessaoGrupo": 182, "parte": 3, "inicio": null, "fim": null, "concluido": false}}, {"model": "diario.partegrupo", "pk": 361, "fields": {"sessaoGrupo": 182, "parte": 4, "inicio": null, "fim": null, "concluido": false}}, {"model": "diario.partegrupo", "pk": 362, "fields": {"sessaoGrupo": 182, "parte": 5, "inicio": null, "fim": null, "concluido": false}}, {"model": "diario.partegrupo", "pk": 363, "fields": {"sessaoGrupo": 183, "parte": 6, "inicio": null, "fim": null, "concluido": false}}, {"model": "diario.partegrupo", "pk": 364, "fields": {"sessaoGrupo": 183, "parte": 7, "inicio": null, "fim": null, "concluido": false}}, {"model": "diario.partegrupo", "pk": 365, "fields": {"sessaoGrupo": 183, "parte": 8, "inicio": null, "fim": null, "concluido": false}}, {"model": "diario.partegrupo", "pk": 366, "fields": {"sessaoGrupo": 183, "parte": 9, "inicio": null, "fim": null, "concluido": false}}, {"model": "diario.partegrupo", "pk": 367, "fields": {"sessaoGrupo": 184, "parte": 11, "inicio": null, "fim": null, "concluido": false}}, {"model": "diario.partegrupo", "pk": 368, "fields": {"sessaoGrupo": 184, "parte": 12, "inicio": null, "fim": null, "concluido": false}}, {"model": "diario.partegrupo", "pk": 369, "fields": {"sessaoGrupo": 184, "parte": 13, "inicio": null, "fim": null, "concluido": false}}, {"model": "diario.partegrupo", "pk": 370, "fields": {"sessaoGrupo": 185, "parte": 14, "inicio": null, "fim": null, "concluido": false}}, {"model": "diario.partegrupo", "pk": 371, "fields": {"sessaoGrupo": 185, "parte": 15, "inicio": null, "fim": null, "concluido": false}}, {"model": "diario.partegrupo", "pk": 372, "fields": {"sessaoGrupo": 185, "parte": 16, "inicio": null, "fim": null, "concluido": false}}, {"model": "diario.partegrupo", "pk": 373, "fields": {"sessaoGrupo": 185, "parte": 17, "inicio": null, "fim": null, "concluido": false}}, {"model": "diario.partegrupo", "pk": 374, "fields": {"sessaoGrupo": 186, "parte": 18, "inicio": null, "fim": null, "concluido": false}}, {"model": "diario.partegrupo", "pk": 375, "fields": {"sessaoGrupo": 186, "parte": 19, "inicio": null, "fim": null, "concluido": false}}, {"model": "diario.partegrupo", "pk": 376, "fields": {"sessaoGrupo": 186, "parte": 20, "inicio": null, "fim": null, "concluido": false}}, {"model": "diario.partegrupo", "pk": 377, "fields": {"sessaoGrupo": 186, "parte": 54, "inicio": null, "fim": null, "concluido": false}}, {"model": "diario.partegrupo", "pk": 378, "fields": {"sessaoGrupo": 187, "parte": 22, "inicio": null, "fim": null, "concluido": false}}, {"model": "diario.partegrupo", "pk": 379, "fields": {"sessaoGrupo": 187, "parte": 23, "inicio": null, "fim": null, "concluido": false}}, {"model": "diario.partegrupo", "pk": 380, "fields": {"sessaoGrupo": 187, "parte": 24, "inicio": null, "fim": null, "concluido": false}}, {"model": "diario.partegrupo", "pk": 381, "fields": {"sessaoGrupo": 187, "parte": 25, "inicio": null, "fim": null, "concluido": false}}, {"model": "diario.partegrupo", "pk": 382, "fields": {"sessaoGrupo": 187, "parte": 30, "inicio": null, "fim": null, "concluido": false}}, {"model": "diario.partegrupo", "pk": 383, "fields": {"sessaoGrupo": 188, "parte": 26, "inicio": null, "fim": null, "concluido": false}}, {"model": "diario.partegrupo", "pk": 384, "fields": {"sessaoGrupo": 188, "parte": 27, "inicio": null, "fim": null, "concluido": false}}, {"model": "diario.partegrupo", "pk": 385, "fields": {"sessaoGrupo": 188, "parte": 28, "inicio": null, "fim": null, "concluido": false}}, {"model": "diario.partegrupo", "pk": 386, "fields": {"sessaoGrupo": 188, "parte": 29, "inicio": null, "fim": null, "concluido": false}}, {"model": "diario.partegrupo", "pk": 387, "fields": {"sessaoGrupo": 189, "parte": 31, "inicio": null, "fim": null, "concluido": false}}, {"model": "diario.partegrupo", "pk": 388, "fields": {"sessaoGrupo": 189, "parte": 32, "inicio": null, "fim": null, "concluido": false}}, {"model": "diario.partegrupo", "pk": 389, "fields": {"sessaoGrupo": 189, "parte": 33, "inicio": null, "fim": null, "concluido": false}}, {"model": "diario.partegrupo", "pk": 390, "fields": {"sessaoGrupo": 190, "parte": 34, "inicio": null, "fim": null, "concluido": false}}, {"model": "diario.partegrupo", "pk": 391, "fields": {"sessaoGrupo": 190, "parte": 35, "inicio": null, "fim": null, "concluido": false}}, {"model": "diario.partegrupo", "pk": 392, "fields": {"sessaoGrupo": 190, "parte": 36, "inicio": null, "fim": null, "concluido": false}}, {"model": "diario.partegrupo", "pk": 393, "fields": {"sessaoGrupo": 190, "parte": 37, "inicio": null, "fim": null, "concluido": false}}, {"model": "diario.partegrupo", "pk": 394, "fields": {"sessaoGrupo": 191, "parte": 21, "inicio": null, "fim": null, "concluido": false}}, {"model": "diario.partegrupo", "pk": 395, "fields": {"sessaoGrupo": 191, "parte": 38, "inicio": null, "fim": null, "concluido": false}}, {"model": "diario.partegrupo", "pk": 396, "fields": {"sessaoGrupo": 191, "parte": 39, "inicio": null, "fim": null, "concluido": false}}, {"model": "diario.partegrupo", "pk": 397, "fields": {"sessaoGrupo": 191, "parte": 40, "inicio": null, "fim": null, "concluido": false}}, {"model": "diario.partegrupo", "pk": 398, "fields": {"sessaoGrupo": 191, "parte": 41, "inicio": null, "fim": null, "concluido": false}}, {"model": "diario.partegrupo", "pk": 399, "fields": {"sessaoGrupo": 192, "parte": 42, "inicio": null, "fim": null, "concluido": false}}, {"model": "diario.partegrupo", "pk": 400, "fields": {"sessaoGrupo": 192, "parte": 43, "inicio": null, "fim": null, "concluido": false}}, {"model": "diario.partegrupo", "pk": 401, "fields": {"sessaoGrupo": 192, "parte": 44, "inicio": null, "fim": null, "concluido": false}}, {"model": "diario.partegrupo", "pk": 402, "fields": {"sessaoGrupo": 192, "parte": 45, "inicio": null, "fim": null, "concluido": false}}, {"model": "diario.partegrupo", "pk": 403, "fields": {"sessaoGrupo": 193, "parte": 46, "inicio": null, "fim": null, "concluido": false}}, {"model": "diario.partegrupo", "pk": 404, "fields": {"sessaoGrupo": 193, "parte": 47, "inicio": null, "fim": null, "concluido": false}}, {"model": "diario.partegrupo", "pk": 405, "fields": {"sessaoGrupo": 193, "parte": 48, "inicio": null, "fim": null, "concluido": false}}, {"model": "diario.partegrupo", "pk": 406, "fields": {"sessaoGrupo": 193, "parte": 49, "inicio": null, "fim": null, "concluido": false}}, {"model": "diario.partegrupo", "pk": 407, "fields": {"sessaoGrupo": 194, "parte": 50, "inicio": null, "fim": null, "concluido": false}}, {"model": "diario.partegrupo", "pk": 408, "fields": {"sessaoGrupo": 194, "parte": 51, "inicio": null, "fim": null, "concluido": false}}, {"model": "diario.partegrupo", "pk": 409, "fields": {"sessaoGrupo": 194, "parte": 52, "inicio": null, "fim": null, "concluido": false}}, {"model": "diario.partegrupo", "pk": 410, "fields": {"sessaoGrupo": 194, "parte": 53, "inicio": null, "fim": null, "concluido": false}}, {"model": "diario.escolha", "pk": 248, "fields": {"opcao": 2, "pergunta": 50, "resposta_escrita": "", "utilizador": 1, "parte_grupo": 347, "sessao_grupo": 179}}, {"model": "diario.escolha", "pk": 249, "fields": {"opcao": 2, "pergunta": 1, "resposta_escrita": "", "utilizador": 1, "parte_grupo": 311, "sessao_grupo": 170}}, {"model": "diario.escolha", "pk": 250, "fields": {"opcao": 2, "pergunta": 1, "resposta_escrita": "", "utilizador": 1, "parte_grupo": 314, "sessao_grupo": 170}}, {"model": "diario.escolha", "pk": 251, "fields": {"opcao": 4, "pergunta": 2, "resposta_escrita": "", "utilizador": 1, "parte_grupo": 314, "sessao_grupo": 170}}, {"model": "diario.escolha", "pk": 252, "fields": {"opcao": 4, "pergunta": 3, "resposta_escrita": "", "utilizador": 1, "parte_grupo": 314, "sessao_grupo": 170}}, {"model": "diario.escolha", "pk": 253, "fields": {"opcao": null, "pergunta": 92, "resposta_escrita": "jjj", "utilizador": 1, "parte_grupo": 358, "sessao_grupo": 181}}, {"model": "diario.escolha", "pk": 254, "fields": {"opcao": 12, "pergunta": 87, "resposta_escrita": "", "utilizador": 1, "parte_grupo": 358, "sessao_grupo": 181}}, {"model": "diario.escolha", "pk": 255, "fields": {"opcao": 13, "pergunta": 88, "resposta_escrita": "", "utilizador": 1, "parte_grupo": 358, "sessao_grupo": 181}}, {"model": "diario.escolha", "pk": 256, "fields": {"opcao": 13, "pergunta": 89, "resposta_escrita": "", "utilizador": 1, "parte_grupo": 358, "sessao_grupo": 181}}, {"model": "diario.escolha", "pk": 257, "fields": {"opcao": 12, "pergunta": 90, "resposta_escrita": "", "utilizador": 1, "parte_grupo": 358, "sessao_grupo": 181}}, {"model": "diario.escolha", "pk": 258, "fields": {"opcao": 17, "pergunta": 91, "resposta_escrita": "", "utilizador": 1, "parte_grupo": 358, "sessao_grupo": 181}}, {"model": "diario.cuidador", "pk": 1, "fields": {"nome": "Renata", "sexo": "Feminino", "idade": "30", "email": "renata@gamil.com", "nascimento": "2022-10-19", "data_entrada": "2022-10-11T14:46:07.972Z", "nacionalidade": "Português", "telemovel": "111222333", "image": "", "escolaridade": "5-9", "referenciacao": null, "regime": "Misto", "localizacao": "Lisboa", "grupoCare": []}}, {"model": "diario.cuidador", "pk": 2, "fields": {"nome": "Rui", "sexo": "Masculino", "idade": "68", "email": "rui@gamil.com", "nascimento": "2022-10-11", "data_entrada": "2022-10-11T14:47:13.577Z", "nacionalidade": "Português", "telemovel": "222333444", "image": "", "escolaridade": "12+", "referenciacao": null, "regime": "Presencial", "localizacao": "Coimbra", "grupoCare": [29]}}, {"model": "diario.cuidador", "pk": 3, "fields": {"nome": "maria", "sexo": "Feminino", "idade": "16", "email": "maria@gmail.com", "nascimento": "2022-10-11", "data_entrada": "2022-10-11T14:47:55.865Z", "nacionalidade": "Português", "telemovel": "55566677", "image": "", "escolaridade": "10-12", "referenciacao": null, "regime": "Misto", "localizacao": "Porto", "grupoCare": []}}, {"model": "diario.cuidador", "pk": 4, "fields": {"nome": "Vitor", "sexo": "Masculino", "idade": "29", "email": "vitor@gmail.com", "nascimento": "2022-10-22", "data_entrada": "2022-10-11T14:48:51.249Z", "nacionalidade": "Português", "telemovel": "999555888", "image": "", "escolaridade": "12+", "referenciacao": null, "regime": "Misto", "localizacao": "Lisboa", "grupoCare": [28]}}, {"model": "diario.cuidador", "pk": 5, "fields": {"nome": "Paula", "sexo": "Feminino", "idade": "30", "email": "paula@gmail.com", "nascimento": "2022-10-30", "data_entrada": "2022-10-11T14:49:30.538Z", "nacionalidade": "Português", "telemovel": "88555666", "image": "", "escolaridade": "12+", "referenciacao": null, "regime": "Misto", "localizacao": "Lisboa", "grupoCare": [28]}}, {"model": "diario.cuidador", "pk": 6, "fields": {"nome": "Yui", "sexo": "Feminino", "idade": "29", "email": "yui@gmail.com", "nascimento": "2022-10-07", "data_entrada": "2022-10-11T15:09:40.219Z", "nacionalidade": "Português", "telemovel": "555888666", "image": "", "escolaridade": "10-12", "referenciacao": "ASMAL", "regime": "Online", "localizacao": "Lisboa", "grupoCare": []}}, {"model": "diario.cuidador", "pk": 7, "fields": {"nome": "ines", "sexo": "Masculino", "idade": "56", "email": null, "nascimento": "2000-08-25", "data_entrada": "2022-10-11T15:22:02.053Z", "nacionalidade": "Chinesa", "telemovel": "968744587", "image": "", "escolaridade": "0-4", "referenciacao": null, "regime": "Online", "localizacao": null, "grupoCare": []}}, {"model": "diario.cuidador", "pk": 8, "fields": {"nome": "marra", "sexo": "Feminino", "idade": null, "email": null, "nascimento": "2022-10-07", "data_entrada": "2022-10-11T17:56:47.012Z", "nacionalidade": "Espanhola", "telemovel": null, "image": "", "escolaridade": "0-4", "referenciacao": null, "regime": "Online", "localizacao": null, "grupoCare": []}}, {"model": "diario.cuidador", "pk": 9, "fields": {"nome": "Bruno", "sexo": "Masculino", "idade": "40", "email": "bruno@bruno.com", "nascimento": "2022-11-02", "data_entrada": "2022-10-12T12:50:24.256Z", "nacionalidade": "Português", "telemovel": "555888777", "image": "", "escolaridade": "10-12", "referenciacao": "GIRA", "regime": "Presencial", "localizacao": "Lisboa", "grupoCare": []}}, {"model": "diario.dinamizadorconvidado", "pk": 1, "fields": {"nome": "marco", "sexo": "Feminino", "idade": "34", "email": null, "nascimento": null, "data_entrada": "2022-09-27T12:16:42.018Z", "nacionalidade": null, "telemovel": null, "image": "", "funcao": "Enfermeiro", "grupoCare": []}}, {"model": "diario.dinamizadorconvidado", "pk": 4, "fields": {"nome": "marco", "sexo": "", "idade": "", "email": "", "nascimento": null, "data_entrada": "2022-09-27T14:00:57.002Z", "nacionalidade": "", "telemovel": "", "image": "", "funcao": "Enfermeiro", "grupoCare": []}}, {"model": "diario.dinamizadorconvidado", "pk": 5, "fields": {"nome": "marco", "sexo": "", "idade": "", "email": "", "nascimento": null, "data_entrada": "2022-09-27T16:00:55.176Z", "nacionalidade": "", "telemovel": "", "image": "", "funcao": "Enfermeiro", "grupoCare": []}}, {"model": "diario.dinamizadorconvidado", "pk": 7, "fields": {"nome": "marco", "sexo": "", "idade": "", "email": "", "nascimento": null, "data_entrada": "2022-09-28T15:46:19.896Z", "nacionalidade": "", "telemovel": "", "image": "", "funcao": "Enfermeiros", "grupoCare": []}}, {"model": "diario.dinamizadorconvidado", "pk": 8, "fields": {"nome": "marco", "sexo": "", "idade": "", "email": "", "nascimento": null, "data_entrada": "2022-09-28T15:46:28.757Z", "nacionalidade": "", "telemovel": "", "image": "", "funcao": "Enfermeiro", "grupoCare": []}}, {"model": "diario.dinamizadorconvidado", "pk": 9, "fields": {"nome": "marco", "sexo": "", "idade": "", "email": "", "nascimento": null, "data_entrada": "2022-09-28T15:47:02.661Z", "nacionalidade": "", "telemovel": "", "image": "", "funcao": "Enfermeiro", "grupoCare": []}}, {"model": "diario.dinamizadorconvidado", "pk": 10, "fields": {"nome": "marco", "sexo": "Feminino", "idade": null, "email": null, "nascimento": null, "data_entrada": "2022-09-28T15:47:10.345Z", "nacionalidade": null, "telemovel": "111222000", "image": "", "funcao": "re", "grupoCare": []}}, {"model": "diario.dinamizadorconvidado", "pk": 11, "fields": {"nome": "marco", "sexo": "", "idade": "", "email": "", "nascimento": null, "data_entrada": "2022-10-01T16:56:06.579Z", "nacionalidade": "", "telemovel": "", "image": "", "funcao": "Enfermeiro", "grupoCare": []}}, {"model": "diario.dinamizadorconvidado", "pk": 13, "fields": {"nome": "gkv", "sexo": "", "idade": "", "email": null, "nascimento": null, "data_entrada": "2022-10-06T13:20:52.441Z", "nacionalidade": "", "telemovel": "", "image": "", "funcao": "medica", "grupoCare": []}}, {"model": "diario.dinamizadorconvidado", "pk": 14, "fields": {"nome": "marco", "sexo": "Feminino", "idade": null, "email": null, "nascimento": "2022-10-05", "data_entrada": "2022-10-12T11:36:04.097Z", "nacionalidade": null, "telemovel": null, "image": "", "funcao": "Enfermeiro", "grupoCare": []}}, {"model": "diario.dinamizadorconvidado", "pk": 15, "fields": {"nome": "marco", "sexo": "Feminino", "idade": null, "email": null, "nascimento": null, "data_entrada": "2022-10-12T11:36:57.698Z", "nacionalidade": null, "telemovel": null, "image": "", "funcao": "Enfermeiroo", "grupoCare": []}}, {"model": "diario.dinamizadorconvidado", "pk": 16, "fields": {"nome": "marco", "sexo": "", "idade": "", "email": null, "nascimento": null, "data_entrada": "2022-10-12T11:37:48.222Z", "nacionalidade": "", "telemovel": "", "image": "", "funcao": "Enfermeiroq", "grupoCare": []}}, {"model": "diario.dinamizadorconvidado", "pk": 17, "fields": {"nome": "marco", "sexo": "", "idade": "", "email": null, "nascimento": null, "data_entrada": "2022-10-12T11:37:53.137Z", "nacionalidade": "", "telemovel": "", "image": "", "funcao": "Enfermeiro", "grupoCare": []}}, {"model": "diario.dinamizadorconvidado", "pk": 18, "fields": {"nome": "marcq", "sexo": "", "idade": "", "email": null, "nascimento": null, "data_entrada": "2022-10-12T11:38:06.003Z", "nacionalidade": "", "telemovel": "", "image": "", "funcao": "Enfermeiro", "grupoCare": []}}, {"model": "diario.documents", "pk": 6, "fields": {"name": "a", "description": "a", "file": "files/DetalhePagina.jpeg", "cuidador": []}}, {"model": "diario.documents", "pk": 7, "fields": {"name": "ola", "description": null, "file": "", "cuidador": [4]}}, {"model": "diario.documents", "pk": 8, "fields": {"name": "teste", "description": "teste", "file": "", "cuidador": [4]}}, {"model": "diario.participante", "pk": 5, "fields": {"nome": "Tiago", "sexo": "Masculino", "idade": "54", "email": "tim@gmail.com", "nascimento": "2022-10-11", "data_entrada": "2022-10-11T14:50:40.773Z", "nacionalidade": "Português", "telemovel": "666555444", "image": "", "escolaridade": "0-4", "referenciacao": 1, "grupoCog": null, "avaliador": null, "documents": 6, "diagnosticos": [1, 2], "cuidadores": [4]}}, {"model": "diario.participante", "pk": 6, "fields": {"nome": "Marco", "sexo": "Masculino", "idade": "70", "email": "marco@gmail.com", "nascimento": "2022-10-02", "data_entrada": "2022-10-11T14:51:28.975Z", "nacionalidade": "Português", "telemovel": "88777999", "image": "", "escolaridade": "5-9", "referenciacao": 1, "grupoCog": null, "avaliador": null, "documents": 6, "diagnosticos": [2], "cuidadores": [1]}}, {"model": "diario.participante", "pk": 7, "fields": {"nome": "Rita", "sexo": "Feminino", "idade": "63", "email": "rita@gmail.com", "nascimento": "2022-10-18", "data_entrada": "2022-10-11T14:52:17.750Z", "nacionalidade": "Português", "telemovel": "55544433322", "image": "", "escolaridade": "10-12", "referenciacao": 2, "grupoCog": null, "avaliador": null, "documents": null, "diagnosticos": [3], "cuidadores": [2]}}, {"model": "diario.participante", "pk": 8, "fields": {"nome": "Leonor", "sexo": "Feminino", "idade": "70", "email": "leonor@gmail.com", "nascimento": "2022-10-14", "data_entrada": "2022-10-11T14:53:18.302Z", "nacionalidade": "Português", "telemovel": "9966633355", "image": "", "escolaridade": "12+", "referenciacao": 2, "grupoCog": null, "avaliador": null, "documents": 6, "diagnosticos": [2, 3], "cuidadores": [3]}}, {"model": "diario.nota", "pk": 4, "fields": {"cuidador": 4, "participante": null, "tipo": "Gerais", "tituloNota": "Teste", "nota": "Ola", "data": "2022-11-09T10:50:32.574Z"}}, {"model": "diario.nota", "pk": 5, "fields": {"cuidador": 4, "participante": null, "tipo": "Gerais", "tituloNota": "", "nota": "teste", "data": "2022-11-16T15:38:55.092Z"}}, {"model": "diario.partilha", "pk": 1, "fields": {"participante": null, "cuidador": 4, "partilha": "teste", "data": "2022-11-17T12:25:14.547Z"}}, {"model": "diario.partilha", "pk": 2, "fields": {"participante": null, "cuidador": 4, "partilha": "gfdsf", "data": "2022-11-22T09:39:44.403Z"}}, {"model": "diario.presenca", "pk": 100, "fields": {"data": "2022-11-16T08:15:06Z", "participante": 5, "tipoSessao": "CR", "sessaoDoGrupo": 169, "present": false, "faltou": true, "mode": "", "withApp": null, "descricao": ""}}, {"model": "diario.presenca", "pk": 101, "fields": {"data": "2022-11-16T08:14:57Z", "participante": 4, "tipoSessao": "CR", "sessaoDoGrupo": 169, "present": true, "faltou": false, "mode": "Online", "withApp": null, "descricao": ""}}, {"model": "diario.partilhagrupo", "pk": 1, "fields": {"grupo": 28, "descricao": "ola", "data": "2022-11-16T05:47:31.337Z"}}, {"model": "diario.partilhagrupo", "pk": 2, "fields": {"grupo": 28, "descricao": "Teste", "data": "2022-11-16T05:47:33.251Z"}}, {"model": "diario.notagrupo", "pk": 7, "fields": {"grupo": 28, "notaGrupo": "Teste", "data": "2022-11-16T05:33:14.445Z"}}, {"model": "diario.notagrupo", "pk": 8, "fields": {"grupo": 28, "notaGrupo": "Ola", "data": "2022-11-16T05:33:17.171Z"}}, {"model": "diario.notagrupo", "pk": 9, "fields": {"grupo": 28, "notaGrupo": "hjuhj", "data": "2022-11-16T15:27:01.539Z"}}]